label	vcf_file_path
SLEmap	/path/SLEmap_samples_chr1.vcf.gz
SLEmap	/path/SLEmap_samples_chr2.vcf.gz
SLEmap	/path/SLEmap_samples_chr3.vcf.gz
SLEmap	/path/SLEmap_samples_chr4.vcf.gz
SLEmap	/path/SLEmap_samples_chr5.vcf.gz
SLEmap	/path/SLEmap_samples_chr6.vcf.gz
SLEmap	/path/SLEmap_samples_chr7.vcf.gz
SLEmap	/path/SLEmap_samples_chr8.vcf.gz
SLEmap	/path/SLEmap_samples_chr9.vcf.gz
SLEmap	/path/SLEmap_samples_chr10.vcf.gz
SLEmap	/path/SLEmap_samples_chr11.vcf.gz
SLEmap	/path/SLEmap_samples_chr12.vcf.gz
SLEmap	/path/SLEmap_samples_chr13.vcf.gz
SLEmap	/path/SLEmap_samples_chr14.vcf.gz
SLEmap	/path/SLEmap_samples_chr15.vcf.gz
SLEmap	/path/SLEmap_samples_chr16.vcf.gz
SLEmap	/path/SLEmap_samples_chr17.vcf.gz
SLEmap	/path/SLEmap_samples_chr18.vcf.gz
SLEmap	/path/SLEmap_samples_chr19.vcf.gz
SLEmap	/path/SLEmap_samples_chr20.vcf.gz
SLEmap	/path/SLEmap_samples_chr21.vcf.gz
SLEmap	/path/SLEmap_samples_chr22.vcf.gz
SLEmap	/path/SLEmap_samples_chrX.vcf.gz