experiment_id	n_pooled	donor_vcf_ids	data_path_10x_format
LDP1	4	EGAN00004257512,EGAN00004257510,EGAN00004257507	/path/cellranger700_multi_21212877c397b6975eaf35c723c5a5da
LDP2	4	EGAN00004257518,EGAN00004257514,EGAN00004257513	/path/cellranger700_multi_dbbf8652dc66faa6a5365083574e5bf4
LDP3	4	EGAN00004257521,EGAN00004257520,EGAN00004257523	/path/cellranger700_multi_e03d5d0c36933757ee86bec398d32908
LDP4	4	EGAN00004257522,EGAN00004257538,EGAN00004257517,EGAN00004257516	/path/cellranger700_multi_85b73be538c3c8c97a9f3cacf11e0eb8
LDP5	4	EGAN00004257525	/path/cellranger700_multi_5fb53bae8870873558a1459f5db65c1a
LDP06	4	EGAN00004257534,EGAN00004257528,EGAN00004257524,EGAN00004257527	/path/cellranger700_multi_45469_SLE_map12928660_and_SLE_map12928756
LDP08	5	EGAN00004257537,EGAN00004257536,EGAN00004257531,EGAN00004257539	/path/cellranger700_multi_45469_SLE_map12928662_and_SLE_map12928758
LDP10	4	EGAN00004257544,EGAN00004257542,EGAN00004257545	/path/cellranger700_multi_45469_SLE_map12928664_and_SLE_map12928760
LDP12	5	EGAN00004257553,EGAN00004257550,EGAN00004257546,EGAN00004257506,EGAN00004257548	/path/cellranger700_multi_45469_SLE_map12928666_and_SLE_map12928762
LDP14	5	EGAN00004257559,EGAN00004257554,EGAN00004257561	/path/cellranger700_multi_45469_SLE_map12928668_and_SLE_map12928764
LDP07	5	EGAN00004257540,EGAN00004257533,EGAN00004257532,EGAN00004257529	/path/cellranger700_multi_22daf06b5b5eb2ca69d9f2af0388a86a
LDP09	4	EGAN00004257543,EGAN00004257541,EGAN00004257535	/path/cellranger700_multi_a3cc8d52bb0f363c027d8c0783d23174
LDP11	4	EGAN00004257549,EGAN00004257555,EGAN00004257551	/path/cellranger700_multi_1a7c4453a81b8c49cb7067cc6de16744
LDP13	5	EGAN00004257558,EGAN00004257557,EGAN00004257564,EGAN00004257562,EGAN00004257556	/path/cellranger700_multi_4aa86417eee207b8497d71521f73cbf3
LDP15	5	EGAN00004257572,EGAN00004257571,EGAN00004257570	/path/cellranger700_multi_24c3e0ec5310c3f74a99564e4da47b12
LDP16	5	EGAN00004257575,EGAN00004257573,EGAN00004257574,EGAN00004257576	/path/cellranger700_multi_ad6956c777d75b1532ca8c3917bc314c
LDP17	4	EGAN00004257580,EGAN00004257581,EGAN00004257583	/path/cellranger700_multi_c9d76f90bbd437718946517c9e62e8b7
LDP18	4	EGAN00004257579,EGAN00004257578,EGAN00004257582	/path/cellranger700_multi_8b63ff47bc0f6e5c43e9e7632f242bb3
LDP19	5	EGAN00004257587,EGAN00004257588,EGAN00004257585,EGAN00004257586,EGAN00004257563	/path/cellranger700_multi_409bd71dc9cf0da8cb17d9413b0322ab
LDP20	4	EGAN00004257590,EGAN00004257591,EGAN00004257589,EGAN00004257584	/path/cellranger700_multi_a1f39c516c471056368d6ed29a78ab37
LDP21	5	EGAN00004257592,EGAN00004257593,EGAN00004257596,EGAN00004257595,EGAN00004257509	/path/cellranger700_multi_0f2e6fd46960ceef6a6023494ea33d17
LDP22	4	EGAN00004257566,EGAN00004257598,EGAN00004257597,EGAN00004257594	/path/cellranger700_multi_73b109e5c3a9429310a1eb0ab6d6e2b8
LDP23	5	EGAN00004257605,EGAN00004257600,EGAN00004257599,EGAN00004257604	/path/cellranger700_multi_55b39d2a0a30bdfa49be158d61c208e7
LDP24	5	EGAN00004257602,EGAN00004257601,EGAN00004257567,EGAN00004257603	/path/cellranger700_multi_7fbaf95e765fb929dedd7e0f933c6fb0
LDP25	5	EGAN00004260924,EGAN00004260927,EGAN00004260920,EGAN00004260922,EGAN00004260923	/path/cellranger700_multi_d00ddfc9ace09586f1ac108fca92db61
LDP26	5	EGAN00004260918,EGAN00004260921,EGAN00004260917	/path/cellranger700_multi_210f420afdef510e028f5b16a8c3fe95
LDP27	4	EGAN00004260937,EGAN00004260928,EGAN00004260929,EGAN00004260926	/path/cellranger700_multi_850906bde9153135a2abd77d0227353e
LDP28	4	EGAN00004260931,EGAN00004260925,EGAN00004260932,EGAN00004260930	/path/cellranger700_multi_74b30caec2cf83c0048bc87946b301e8
LDP29	5	EGAN00004260933,EGAN00004260913,EGAN00004260935,EGAN00004260909,EGAN00004260934	/path/cellranger700_multi_bc45a1c2fe2a3fbbcde46cf984cf42e2
LDP30	4	EGAN00004260944,EGAN00004260943	/path/cellranger700_multi_b4f011068f70444b8985ca316959b364
LDP31	4	EGAN00004260916,EGAN00004260941,EGAN00004260946	/path/cellranger700_multi_16f1a8ad9e9a6bef0b0f038642073c26
LDP32	5	EGAN00004260948,EGAN00004260936,EGAN00004260950,EGAN00004260945	/path/cellranger700_multi_8c7bd37d89d698c31a0f0bdd1a258dab
LDP33	4	EGAN00004260960,EGAN00004260958,EGAN00004260959	/path/cellranger700_multi_f1276a14c0b048648e7d8db57b629866
LDP34	4	EGAN00004260949,EGAN00004260951,EGAN00004260953,EGAN00004260952	/path/cellranger700_multi_cb638efbea0e07c0e6beb1ffecc6d1c2
LDP35	4	EGAN00004260954,EGAN00004260955,EGAN00004260957,EGAN00004260956	/path/cellranger700_multi_b23b7edb25e76f2a7c2d8665e17a61b8
LDP36	5	EGAN00004260968,EGAN00004260970,EGAN00004260966,EGAN00004260919	/path/cellranger700_multi_8ba457a58751af787b8f1d5b30ea0712
LDP37	4	EGAN00004260963,EGAN00004260961,EGAN00004260967	/path/cellranger700_multi_4f045ad91d8115b9b94cb98fea5e0a21
LDP38	4	EGAN00004260962,EGAN00004260938,EGAN00004260964,EGAN00004260965	/path/cellranger700_multi_9fae3f5f9f97ac0265c62429f893d31a
LDP39	4	EGAN00004260915,EGAN00004260910,EGAN00004260898,EGAN00004260975	/path/cellranger700_multi_e6491bbae1405a9f6c7f93c2fb24065a
LDP40	4	EGAN00004260895,EGAN00004260974,EGAN00004260971	/path/cellranger700_multi_800e1312938cc9ab17a0dec453362c26
LDP41	5	EGAN00004260914,EGAN00004260969,EGAN00004260972,EGAN00004260894,EGAN00004260976	/path/cellranger700_multi_1ed40ccf3d8f2014f59925d3fff0f100
LDP42	5	EGAN00004260899,EGAN00004260896,EGAN00004260907,EGAN00004260900	/path/cellranger700_multi_46a979d5d5e827d4e8f0b90b3390ea11
LDP43	5	EGAN00004260902,EGAN00004260897,EGAN00004260901,EGAN00004260903	/path/cellranger700_multi_e81952927d158ec7d499a13acf378539
LDP44	5	EGAN00004260940,EGAN00004260908,EGAN00004260904,EGAN00004260905,EGAN00004260906	/path/cellranger700_multi_51aaa01a9a405602a00f159c1dd8180c
LDP45	4	EGAN00004320773,EGAN00004320772	/path/cellranger700_multi_f656132df91bc7b1a0ca2857a448569f
LDP46	5	EGAN00004320778,EGAN00004320775,EGAN00004320777,EGAN00004320780	/path/cellranger700_multi_5b05bfc764087bccfbb597c413d221e6
LDP47	4	EGAN00004320788,EGAN00004320789,EGAN00004320791	/path/cellranger700_multi_a55c80f0dd454e6f217ce76f3e6e26dc
LDP48	4	EGAN00004320784,EGAN00004320787,EGAN00004320790	/path/cellranger700_multi_d38d9ad7688e0228896f5c6ddc34949e
LDP49	5	EGAN00004320793,EGAN00004320783,EGAN00004320792,EGAN00004320782,EGAN00004320786	/path/cellranger700_multi_0a97e3bd50776724f32feed7a3a4f1c3
LDP50	5	EGAN00004320795,EGAN00004320794,EGAN00004320796,EGAN00004320797	/path/cellranger700_multi_9265f128137ed3e16c1b00482aac59a6
LDP51	5	EGAN00004320799,EGAN00004320798,EGAN00004320802,EGAN00004320801	/path/cellranger700_multi_473638366415e11e383ee33cb26e24eb
LDP52	4	EGAN00004320811,EGAN00004320805,EGAN00004320815,EGAN00004320814	/path/cellranger700_multi_77d918802c305e815164d301a30e790f
LDP53	5	EGAN00004320807,EGAN00004320803,EGAN00004320809,EGAN00004320808,EGAN00004320806	/path/cellranger700_multi_fa31044dd699a5ba7bbceefb16b8a78e
LDP54	5	EGAN00004320816,EGAN00004320812,EGAN00004320804,EGAN00004320813,EGAN00004320810	/path/cellranger700_multi_57d4008b627f0e4e98e05fe6c67eaf33
LDP55	5	EGAN00004320824,EGAN00004320817,EGAN00004320820,EGAN00004320826	/path/cellranger700_multi_ea4a44e189015a855d88d8c6eba46b66
LDP56	5	EGAN00004320818,EGAN00004320822,EGAN00004320828,EGAN00004320825	/path/cellranger700_multi_e89ab89c0cfc1a59bae6595a90563e21
LDP57	5	EGAN00004320829,EGAN00004320823,EGAN00004320819,EGAN00004320830,EGAN00004320821	/path/cellranger700_multi_906f04a72ce27fff3271a9311c2e499c
LDP58	4	EGAN00004320837,EGAN00004320832,EGAN00004320838	/path/cellranger700_multi_f7c97a968d87d1d53e1e1fe09184ac49
LDP59	5	EGAN00004320835,EGAN00004320845,EGAN00004320844,EGAN00004320840,EGAN00004320843	/path/cellranger700_multi_0b25edc201cf5a7565d656670e621b54
LDP60	5	EGAN00004320841,EGAN00004320839,EGAN00004320834,EGAN00004320836,EGAN00004320842	/path/cellranger700_multi_7c15960418bdf52c2de92caec245b2a1
LDP61	4	EGAN00004320853,EGAN00004320846,EGAN00004320856,EGAN00004320847	/path/cellranger700_multi_a6fd0d1300004b329bb8f7316b5fc445
LDP62	5	EGAN00004320849,EGAN00004320860,EGAN00004320852,EGAN00004320855,EGAN00004320857	/path/cellranger700_multi_e0b0dbb966d0c07fba9ee7428caaf65b
LDP63	5	EGAN00004320850,EGAN00004320848,EGAN00004320851,EGAN00004320858,EGAN00004320854	/path/cellranger700_multi_d74a8e709a0a33f231bb9c5159879a6b
LDP64	4	EGAN00004320859,EGAN00004320869,EGAN00004320867,EGAN00004320863	/path/cellranger700_multi_4e757ffa82c83e064b611aeb1083c20e
LDP65	4	EGAN00004320862,EGAN00004320864,EGAN00004320870	/path/cellranger700_multi_7310347ace80be8e9e40236d982146bd
LDP66	4	EGAN00004320866,EGAN00004320868,EGAN00004320861	/path/cellranger700_multi_58045e937378f90918840f3d7d86db09
LDP67	4	''	/path/cellranger700_multi_cdeacccf8ae10e1ee2a9af7744a9f0d2
LDP68	5	''	/path/cellranger700_multi_feb14ddc7d44e95317de058d8b34faf9
LDP69	5	''	/path/cellranger700_multi_47347f8bd01f6c23c63871b3344139ab
