leftStudyLocusId,rightStudyLocusId,rightStudyType,chromosome,colocalisationMethod,numberColocalisingVariants,h3,h4,clpp,betaRatioSignAverage,GWAS_studyID,variantId,traitFromSource,finemappingMethod,eQTL_studyID,geneId,projectId,pubmedId
f6417b307c18972f7fbd723a64bef84a,f1f568a87ac0c91290d08ea01482d816,eqtl,10,COLOC_PIP_ECAVIAR,14,0.03181398430056468,0.9681860156994346,0.02666579784738686,,GCST003252,10_103243964_T_G,Systemic lupus erythematosus,PICS,aygun_2021_tx_neuron_enst00000337003,ENSG00000173915,Aygun_2021,34416157
379d541fa95b52bce773c2b52146ccbc,22ba2ff059e3fbaa11cf319a86b96ea7,eqtl,10,COLOC_PIP_ECAVIAR,2,0.13256124418132537,0.867438755818674,0.0058986640239802966,,GCST011956,10_110904356_T_C,Systemic lupus erythematosus,PICS,quach_2016_exon_monocyte_iav_ensg00000150594_7_10_111077029_111080907,ENSG00000150594,Quach_2016,27768888
210586220df0b68e251eda920bfd2e9f,0e295b389145cc6d40526226dbff27b3,eqtl,10,COLOC_PIP_ECAVIAR,25,0.08341195511472739,0.9165880448852742,0.009845166551854785,,GCST003599,10_48817351_G_A,Systemic lupus erythematosus,PICS,gtex_exon_lung_ensg00000228403_1_10_48878482_48878649,ENSG00000228403,GTEx,32913098
0d2fc25cd0bf06b22e355ed315ee5e08,394e90de4b79ea23c343f7a27420bfd2,eqtl,10,COLOC_PIP_ECAVIAR,1,0.020184884036400168,0.9798151159636005,0.043980040598576166,-1.0,GCST90011866,10_48817975_A_G,Systemic lupus erythematosus,SuSiE-inf,gencord_exon_lcl_ensg00000128815_20_10_48777419_48777495,ENSG00000128815,GENCORD,23755361
84b92885a6e4a955def761e28d032a97,82350302e41720da19b378f7c6bd0ce0,eqtl,10,COLOC_PIP_ECAVIAR,1,0.0659398546788034,0.934060145321196,0.013016830869912652,-1.0,GCST90011866,10_48823456_C_T,Systemic lupus erythematosus,SuSiE-inf,lepik_2017_ge_blood_ensg00000228403,ENSG00000228403,Lepik_2017,28922377
0802864ef6738e2fe9911df86d88a8bd,394e90de4b79ea23c343f7a27420bfd2,eqtl,10,COLOC_PIP_ECAVIAR,14,0.055139758052165255,0.944860241947834,0.015207784135519781,,GCST001795,10_48834906_A_G,Systemic lupus erythematosus,PICS,gencord_exon_lcl_ensg00000128815_20_10_48777419_48777495,ENSG00000128815,GENCORD,23755361
9f69ff73b6194818693f22237daeb843,447bdeaaf498b5eef47b23304860e594,eqtl,10,COLOC_PIP_ECAVIAR,10,0.007934608531947301,0.9920653914680534,0.10080755570044246,1.0,GCST90011866,10_48835096_A_G,Systemic lupus erythematosus,SuSiE-inf,gtex_exon_testis_ensg00000286993_1_10_48835541_48836957,ENSG00000286993,GTEx,32913098
dcd042faeeebeca392fbec90886ca02a,394e90de4b79ea23c343f7a27420bfd2,eqtl,10,COLOC_PIP_ECAVIAR,16,0.0799365598006617,0.9200634401993385,0.01037814681852084,-1.0,GCST90270940,10_48837411_T_G,Systemic lupus erythematosus (MTAG),PICS,gencord_exon_lcl_ensg00000128815_20_10_48777419_48777495,ENSG00000128815,GENCORD,23755361
be0f6e2aac14897b55aa8bc83eb83f18,394e90de4b79ea23c343f7a27420bfd2,eqtl,10,COLOC_PIP_ECAVIAR,30,0.06787441093761559,0.9321255890623852,0.012265898306147785,-1.0,GCST003155,10_48861350_G_A,Systemic lupus erythematosus,PICS,gencord_exon_lcl_ensg00000128815_20_10_48777419_48777495,ENSG00000128815,GENCORD,23755361
48a31b2b552545942d81307f72de294d,2f190cbcd359ea16a38984146b16f141,eqtl,10,COLOC_PIP_ECAVIAR,70,0.13699917482782387,0.8630008251721766,0.005670695710022255,,GCST011956,10_5868783_A_G,Systemic lupus erythematosus,PICS,gtex_tx_nerve_tibial_enst00000461504,ENSG00000134452,GTEx,32913098
727c1af271ed2480abbb82eb0a360fcb,ddda85835cfe0907333093e4326a2424,eqtl,10,COLOC_PIP_ECAVIAR,4,0.05289340568889151,0.9471065943111078,0.016162636872990653,-1.0,GCST90270940,10_6072893_A_G,Systemic lupus erythematosus (MTAG),PICS,twinsuk_ge_lcl_ensg00000134460,ENSG00000134460,TwinsUK,25436857
545c6bdfe41f22e70c912842c9fe2381,9b625c763bdbaa3157ec85e80a4f6c39,eqtl,10,COLOC_PIP_ECAVIAR,1,0.003043232743825605,0.9969567672561742,0.23421788154119244,,GCST011956,10_62041271_C_T,Systemic lupus erythematosus,PICS,gtex_exon_fibroblast_ensg00000150347_17_10_62024673_62025352,ENSG00000150347,GTEx,32913098
6fed7f2b729ab0230c1f98d08cf02246,edccd8cda83b6db997103518298e5b73,sceqtl,10,COLOC_PIP_ECAVIAR,17,0.02004027623441322,0.9799597237655865,0.042705030062472005,,GCST001795,10_62045858_T_C,Systemic lupus erythematosus,PICS,onek1k_ge_nk_ensg00000150347,ENSG00000150347,OneK1K,35389779
b730cda6adaca6d96bb0390883eca47f,edccd8cda83b6db997103518298e5b73,sceqtl,10,COLOC_PIP_ECAVIAR,16,0.016176261823893836,0.9838237381761066,0.05205216109672569,-1.0,GCST011096,10_62048907_C_A,Systemic lupus erythematosus,PICS,onek1k_ge_nk_ensg00000150347,ENSG00000150347,OneK1K,35389779
cac2b784e889972e4f63e8fa5c0d51b1,f088be4d249149696e57fbc1263bc17d,eqtl,10,COLOC_PIP_ECAVIAR,7,0.02508749874292686,0.9749125012570736,0.03388293618404134,,GCST90100585,10_71352484_C_T,Systemic lupus erythematosus,PICS,gtex_ge_fibroblast_ensg00000198246,ENSG00000198246,GTEx,32913098
ff0fe32d2814b4f57352c157fd567d4c,b9709db81e87d1e4cca9b2ca67db6f16,eqtl,10,COLOC_PIP_ECAVIAR,11,0.029013470271395208,0.9709865297286043,0.02963538712090174,-1.0,GCST011956,10_71706952_T_C,Systemic lupus erythematosus,PICS,blueprint_tx_neutrophil_enst00000442677,ENSG00000107736,BLUEPRINT,27863251
70a6575e5e4c21e90d328ec7788caa15,f442245db2c834e3e764bfbf73347e5a,eqtl,10,COLOC_PIP_ECAVIAR,2,0.04794580939248724,0.9520541906075133,0.01762627398474447,,GCST90270940,10_84224688_T_G,Systemic lupus erythematosus (MTAG),PICS,gtex_exon_skin_sun_exposed_ensg00000148600_15_10_84205732_84205826,ENSG00000148600,GTEx,32913098
a546a1bb5a13ca017c9dc354d1629666,87da6849a3df371febb0886b6edd1e55,eqtl,11,COLOC_PIP_ECAVIAR,1,0.005998243517404186,0.9940017564825965,0.129309263415177,,GCST000507,11_118702810_T_C,Systemic lupus erythematosus,PICS,twinsuk_ge_blood_ensg00000255422,ENSG00000255422,TwinsUK,25436857
2a07ebb030b9b93db4e7758b0b3163bf,764e6bbba1dd677e57be3280e81054e0,eqtl,11,COLOC_PIP_ECAVIAR,4,0.06660862410405714,0.933391375895942,0.012589862109094102,1.0,GCST011956,11_118707281_G_A,Systemic lupus erythematosus,PICS,gtex_ge_artery_coronary_ensg00000278376,ENSG00000278376,GTEx,32913098
411e797be6c9c361fe77f1a8cfd9d2e1,1e86bdcad2ecf2f6bc41771cb930e9ac,eqtl,11,COLOC_PIP_ECAVIAR,69,0.06431153498804695,0.9356884650119527,0.012948595677796437,-1.0,GCST90270940,11_118802997_T_C,Systemic lupus erythematosus (MTAG),PICS,gtex_tx_uterus_enst00000533149,ENSG00000196655,GTEx,32913098
abca9c3ac8c8788212010a3457bfdbf8,77df17fbe350c13db7527a4f9876f6f9,eqtl,11,COLOC_PIP_ECAVIAR,3,0.0021332147904600915,0.9978667852095403,0.2878533830300761,-1.0,GCST003155,11_128629105_T_C,Systemic lupus erythematosus,PICS,gtex_exon_spleen_ensg00000288975_1_11_128628978_128630045,ENSG00000288975,GTEx,32913098
2c76e5e2a73c9bf3156c729ab48774d7,dd58a4b6e2bbc573518e90acd760d330,eqtl,11,COLOC_PIP_ECAVIAR,12,0.04006243057791011,0.9599375694220905,0.021230112250544428,-1.0,GCST003155,11_35066852_G_A,Systemic lupus erythematosus,PICS,gtex_ge_esophagus_gej_ensg00000289526,ENSG00000289526,GTEx,32913098
e57e4afc21d9bc98868270f51b76d330,dd58a4b6e2bbc573518e90acd760d330,eqtl,11,COLOC_PIP_ECAVIAR,11,0.020373167397304826,0.9796268326026952,0.04156644596008225,-1.0,GCST90270940,11_35067136_T_C,Systemic lupus erythematosus (MTAG),PICS,gtex_ge_esophagus_gej_ensg00000289526,ENSG00000289526,GTEx,32913098
605630024b294479090313ac7698d58a,dd58a4b6e2bbc573518e90acd760d330,eqtl,11,COLOC_PIP_ECAVIAR,8,0.018996629500930073,0.98100337049907,0.044371701472285384,,GCST011096,11_35071404_T_C,Systemic lupus erythematosus,PICS,gtex_ge_esophagus_gej_ensg00000289526,ENSG00000289526,GTEx,32913098
7880b9b021861942255f7a8f9f3ac06e,dd58a4b6e2bbc573518e90acd760d330,eqtl,11,COLOC_PIP_ECAVIAR,5,0.014524825507655442,0.9854751744923438,0.059019460867170775,-1.0,GCST011956,11_35073939_A_G,Systemic lupus erythematosus,PICS,gtex_ge_esophagus_gej_ensg00000289526,ENSG00000289526,GTEx,32913098
86a7e3f31a4268e1638d9fd3e24f3b6d,dd58a4b6e2bbc573518e90acd760d330,eqtl,11,COLOC_PIP_ECAVIAR,16,0.039130338542416,0.9608696614575838,0.021744178201760063,,GCST003622,11_35076646_T_C,Systemic lupus erythematosus,PICS,gtex_ge_esophagus_gej_ensg00000289526,ENSG00000289526,GTEx,32913098
b55f4d850aa17bf1969a9f40c832d434,dd58a4b6e2bbc573518e90acd760d330,eqtl,11,COLOC_PIP_ECAVIAR,6,0.12492302446042704,0.8750769755395719,0.006285962204439181,-1.0,GCST003156,11_35080191_A_G,Systemic lupus erythematosus,SuSiE-inf,gtex_ge_esophagus_gej_ensg00000289526,ENSG00000289526,GTEx,32913098
89b87902c31978dd73c936df27694781,300d981c3366f3a54bf78e6f7b6c2690,eqtl,11,COLOC_PIP_ECAVIAR,17,0.01614294455934012,0.98385705544066,0.051951549802610596,-1.0,GCST005752,11_35097935_A_G,Systemic lupus erythematosus,PICS,gtex_tx_adipose_subcutaneous_enst00000685560,ENSG00000289526,GTEx,32913098
c3c907cc1b225b666407b09e88f5d02f,53a971781355094ff6ebc92ab957c225,eqtl,11,COLOC_PIP_ECAVIAR,26,0.1935697426049596,0.8064302573950412,0.003744641696402025,,GCST003155,11_566936_C_A,Systemic lupus erythematosus,PICS,alasoo_2018_exon_macrophage_ifng_salmonella_ensg00000185507_21_11_615008_615096,ENSG00000185507,Alasoo_2018,29379200
bf5a61bfcc6a0cd52692566a0a5f8317,96a836f5a6c411858243e8085da2b1cf,eqtl,11,COLOC_PIP_ECAVIAR,24,0.14716242241889774,0.8528375775811005,0.005215836396115161,,GCST004867,11_589564_T_C,Systemic lupus erythematosus,PICS,gencord_exon_t-cell_ensg00000185507_21_11_613118_613205,ENSG00000185507,GENCORD,23755361
db21cca61e9514563e63d4840c5630f5,53a971781355094ff6ebc92ab957c225,eqtl,11,COLOC_PIP_ECAVIAR,23,0.07325759187766094,0.926742408122339,0.011391421104908771,-1.0,GCST90270940,11_606749_G_A,Systemic lupus erythematosus (MTAG),PICS,alasoo_2018_exon_macrophage_ifng_salmonella_ensg00000185507_21_11_615008_615096,ENSG00000185507,Alasoo_2018,29379200
9c82ecc62e03faaabee898458f16f70a,53a971781355094ff6ebc92ab957c225,eqtl,11,COLOC_PIP_ECAVIAR,23,0.05301139234796194,0.9469886076520373,0.015853780264735128,1.0,GCST005752,11_613208_T_C,Systemic lupus erythematosus,PICS,alasoo_2018_exon_macrophage_ifng_salmonella_ensg00000185507_21_11_615008_615096,ENSG00000185507,Alasoo_2018,29379200
4fd9835739b2dacab2021389c8b09516,53a971781355094ff6ebc92ab957c225,eqtl,11,COLOC_PIP_ECAVIAR,48,0.05513365654061062,0.9448663434593891,0.015246021120580776,1.0,GCST003622,11_614318_T_C,Systemic lupus erythematosus,PICS,alasoo_2018_exon_macrophage_ifng_salmonella_ensg00000185507_21_11_615008_615096,ENSG00000185507,Alasoo_2018,29379200
d7e0410266092a3217541154d1e0c813,53a971781355094ff6ebc92ab957c225,eqtl,11,COLOC_PIP_ECAVIAR,23,0.05502152237575316,0.944978477624247,0.01525281748027196,1.0,GCST007400,11_617228_G_A,Systemic lupus erythematosus,PICS,alasoo_2018_exon_macrophage_ifng_salmonella_ensg00000185507_21_11_615008_615096,ENSG00000185507,Alasoo_2018,29379200
d64909728434fbe329a18eb78418979f,53a971781355094ff6ebc92ab957c225,eqtl,11,COLOC_PIP_ECAVIAR,57,0.06660981055865639,0.9333901894413434,0.012499315289363147,-1.0,GCST011096,11_625085_A_G,Systemic lupus erythematosus,PICS,alasoo_2018_exon_macrophage_ifng_salmonella_ensg00000185507_21_11_615008_615096,ENSG00000185507,Alasoo_2018,29379200
cba606d0a46b5f1399b903356a4f3466,0fc0ee1d589d42c404e807e28d3b4943,eqtl,11,COLOC_PIP_ECAVIAR,29,0.04306940786604606,0.9569305921339537,0.019690465747766246,1.0,GCST90270940,11_64360951_G_T,Systemic lupus erythematosus (MTAG),PICS,bossini-castillo_2019_tx_treg_naive_enst00000494566,ENSG00000168071,Bossini-Castillo_2019,35591976
56ffda6acabede25831f243a0119759a,742a1df79816c0cf457b718615be349a,eqtl,11,COLOC_PIP_ECAVIAR,4,0.00975135110936928,0.9902486488906312,0.08486445688620285,,GCST003622,11_65774827_G_A,Systemic lupus erythematosus,PICS,peng_2018_exon_placenta_naive_ensg00000254470_3_11_65773898_65780342,ENSG00000254470,Peng_2018,30596636
34ecc33b9d6fdca7fa3dd68febf997c8,7b7151318c7a88fdd56c4149f40a654a,eqtl,11,COLOC_PIP_ECAVIAR,4,0.01824901950439284,0.9817509804956074,0.04768550673373777,1.0,GCST90270940,11_65775268_G_A,Systemic lupus erythematosus (MTAG),PICS,gtex_ge_skin_sun_exposed_ensg00000255557,ENSG00000255557,GTEx,32913098
7c5d057170352eb027c233bb32b6e9b1,701ba4a853fb7b39546b43ba05a3e03b,eqtl,11,COLOC_PIP_ECAVIAR,1,0.06444472115500752,0.935555278844992,0.013593244525186976,1.0,GCST90011866,11_65787209_C_G,Systemic lupus erythematosus,SuSiE-inf,lepik_2017_ge_blood_ensg00000110047,ENSG00000110047,Lepik_2017,28922377
398ec74789ab8ac6321fc5fa1b78c78e,f9f8d9db68cb820156e0f63a951ed5eb,eqtl,11,COLOC_PIP_ECAVIAR,1,0.006945083040768133,0.9930549169592314,0.11874894512078209,,GCST011956,11_65788053_A_G,Systemic lupus erythematosus,PICS,geuvadis_exon_lcl_ensg00000254470_3_11_65773898_65780342,ENSG00000254470,GEUVADIS,24037378
ee44d4c27895a243a917b05602269efb,f9f8d9db68cb820156e0f63a951ed5eb,eqtl,11,COLOC_PIP_ECAVIAR,1,0.0,1.0,0.9500000100000001,1.0,GCST90011866,11_65791795_A_G,Systemic lupus erythematosus,SuSiE-inf,geuvadis_exon_lcl_ensg00000254470_3_11_65773898_65780342,ENSG00000254470,GEUVADIS,24037378
cbdf94add4f2a46032a32b7d7568974d,c099335466c7151ae549e294ca34f78f,eqtl,11,COLOC_PIP_ECAVIAR,2,0.04319340096204652,0.9568065990379525,0.020437623099525938,,GCST011956,11_69048902_A_G,Systemic lupus erythematosus,PICS,twinsuk_tx_lcl_enst00000535009,ENSG00000162341,TwinsUK,25436857
463b3321841d88214e1704a5abb22e36,feecb620ebfb4473a5e151890a1d22ee,eqtl,11,COLOC_PIP_ECAVIAR,1,0.02312836243009286,0.9768716375699071,0.038483259155838334,-1.0,GCST90011866,11_69060249_T_C,Systemic lupus erythematosus,SuSiE-inf,lepik_2017_ge_blood_ensg00000162341,ENSG00000162341,Lepik_2017,28922377
5d2604246f3fd8134c8110ff1ba74102,2b128e299ce686c57949d46a3fa776f9,eqtl,11,COLOC_PIP_ECAVIAR,1,0.009014255369511687,0.990985744630488,0.09409433081808743,1.0,GCST90011866,11_69074982_C_T,Systemic lupus erythematosus,SuSiE-inf,nedelec_2016_ge_macrophage_listeria_ensg00000162341,ENSG00000162341,Nedelec_2016,27768889
cf02569d1ccf4d8c7933287f305e09bd,10b8aaca4c7b750cd6079e8ac4269ea4,eqtl,11,COLOC_PIP_ECAVIAR,49,0.058938803686565296,0.9410611963134348,0.014260679986276581,,GCST003155,11_71476633_C_T,Systemic lupus erythematosus,PICS,alasoo_2018_exon_macrophage_naive_ensg00000254682_2_11_71448562_71448885,ENSG00000254682,Alasoo_2018,29379200
92eaab7db1c0bce21c01d8a4c62429b9,de6f223f2babedeb8901c229fce82fd3,eqtl,12,COLOC_PIP_ECAVIAR,14,0.01107124179835404,0.9889287582016466,0.0743390227198752,1.0,GCST003155,12_111472415_A_G,Systemic lupus erythematosus,PICS,blueprint_tx_neutrophil_enst00000261733,ENSG00000111275,BLUEPRINT,27863251
8df6eabbd380b004f6915bf97c779e68,de6f223f2babedeb8901c229fce82fd3,eqtl,12,COLOC_PIP_ECAVIAR,7,0.01075787436823712,0.9892421256317623,0.07615468090053663,1.0,GCST90270940,12_111569952_C_T,Systemic lupus erythematosus (MTAG),PICS,blueprint_tx_neutrophil_enst00000261733,ENSG00000111275,BLUEPRINT,27863251
45de87ee87f6edea5c5b951a09802964,6a3359e8e9c9ddd83f205de61f672ce5,eqtl,12,COLOC_PIP_ECAVIAR,60,0.10908233978490049,0.8909176602150982,0.007312614320769215,1.0,GCST011956,12_112919404_G_A,Systemic lupus erythematosus,PICS,alasoo_2018_exon_macrophage_salmonella_ensg00000089127_15_12_112917936_112917946,ENSG00000089127,Alasoo_2018,29379200
a438ffc2c085ff38e04835bd9089208e,59acad1396cb4a62d053b0aacdd0271d,eqtl,12,COLOC_PIP_ECAVIAR,41,0.11512153155859037,0.8848784684414104,0.00690797642363404,,GCST011956,12_120790826_C_CT,Systemic lupus erythematosus,PICS,gtex_exon_testis_ensg00000157837_16_12_120767394_120767593,ENSG00000157837,GTEx,32913098
9e4d21c406aa5209a2be0a0184ae82a4,174c62c98a100d24f69e5766d8ca6c4c,eqtl,12,COLOC_PIP_ECAVIAR,91,0.16581522864637777,0.8341847713536231,0.004527359529443597,-1.0,GCST90270940,12_120818717_T_C,Systemic lupus erythematosus (MTAG),PICS,gtex_ge_pituitary_ensg00000157837,ENSG00000157837,GTEx,32913098
debdf91c849fe5c9b913420c50d9cf64,8000a981da259f674c72569a48c7d807,eqtl,12,COLOC_PIP_ECAVIAR,10,0.02278658833842254,0.9772134116615777,0.03715962852173668,,GCST001795,12_12681960_C_A,Systemic lupus erythematosus,PICS,gtex_exon_testis_ensg00000111276_12_12_12696359_12697219,ENSG00000111276,GTEx,32913098
9d363faeccb79e388b99e7238829fb9e,8000a981da259f674c72569a48c7d807,eqtl,12,COLOC_PIP_ECAVIAR,15,0.02187971670051018,0.9781202832994905,0.039028518258415176,1.0,GCST90011866,12_12713977_G_A,Systemic lupus erythematosus,SuSiE-inf,gtex_exon_testis_ensg00000111276_12_12_12696359_12697219,ENSG00000111276,GTEx,32913098
5c5f7a9945033fe1571a046669d94761,207a5e1731b60774a69205d77cd34465,eqtl,12,COLOC_PIP_ECAVIAR,25,0.08175309390895488,0.9182469060910459,0.010038561521912579,1.0,GCST011096,12_128792163_C_A,Systemic lupus erythematosus,PICS,gtex_exon_artery_aorta_ensg00000151948_12_12_128912424_128912460,ENSG00000151948,GTEx,32913098
b99a08319cfcd434b7d2a3cf4dbc409c,744512a826a491e4d3e1d301907fb4bc,eqtl,12,COLOC_PIP_ECAVIAR,34,0.03458599648335705,0.9654140035166424,0.024563332031942303,-1.0,GCST003155,12_128794319_A_G,Systemic lupus erythematosus,PICS,gtex_ge_testis_ensg00000139370,ENSG00000139370,GTEx,32913098
8e976ba4576792fb5f797a8c6af1e7d8,207a5e1731b60774a69205d77cd34465,eqtl,12,COLOC_PIP_ECAVIAR,24,0.07645152524790479,0.9235484747520945,0.010790209934165728,,GCST011956,12_128811558_A_T,Systemic lupus erythematosus,PICS,gtex_exon_artery_aorta_ensg00000151948_12_12_128912424_128912460,ENSG00000151948,GTEx,32913098
0ffab5da0238f3061bcce9418dbd6e36,207a5e1731b60774a69205d77cd34465,eqtl,12,COLOC_PIP_ECAVIAR,27,0.06927652295429046,0.9307234770457097,0.012007460568909781,1.0,GCST000507,12_128816149_C_T,Systemic lupus erythematosus,PICS,gtex_exon_artery_aorta_ensg00000151948_12_12_128912424_128912460,ENSG00000151948,GTEx,32913098
65f7de4dff1fae04fd6d5e0e39109f21,207a5e1731b60774a69205d77cd34465,eqtl,12,COLOC_PIP_ECAVIAR,23,0.03141644393024099,0.9685835560697599,0.02734407890646716,1.0,GCST90011866,12_128823154_C_T,Systemic lupus erythematosus,SuSiE-inf,gtex_exon_artery_aorta_ensg00000151948_12_12_128912424_128912460,ENSG00000151948,GTEx,32913098
8bd970be180e4e95aa2c5d976ea163c9,90227e0c99e942c0cf9ff9c8a274482c,eqtl,13,COLOC_PIP_ECAVIAR,1,0.0,1.0,0.9499587427780724,1.0,GCST90014463,13_28029870_T_C,Systemic lupus erythematosus,SuSiE-inf,gtex_exon_lung_ensg00000122025_15_13_28027088_28027241,ENSG00000122025,GTEx,32913098
45e4dd865711487d80ed85bf3f3f497a,01d1079b810443a4ebff5b9b6a7d779b,eqtl,13,COLOC_PIP_ECAVIAR,16,0.03110263020339554,0.9688973697966043,0.027545567897892084,-1.0,GCST000858,13_40983974_A_G,Systemic lupus erythematosus,PICS,lepik_2017_tx_blood_enst00000635415,ENSG00000120690,Lepik_2017,28922377
a45108557812bc6b8ae71d5804584979,01d1079b810443a4ebff5b9b6a7d779b,eqtl,13,COLOC_PIP_ECAVIAR,14,0.02971088007058886,0.9702891199294116,0.029082795549932552,-1.0,GCST011956,13_41001255_G_A,Systemic lupus erythematosus,PICS,lepik_2017_tx_blood_enst00000635415,ENSG00000120690,Lepik_2017,28922377
e8ffed1c05663fed1ec42908dae6a029,665e3a0e40cdcd9f4d7fd2a61b43329e,sceqtl,14,COLOC_PIP_ECAVIAR,14,0.06952797785388715,0.930472022146113,0.01201796686901463,,GCST90270940,14_102797451_A_G,Systemic lupus erythematosus (MTAG),PICS,cytoimmgen_ge_combined_cd4_naive_stim_5d_ensg00000131323,ENSG00000131323,Cytoimmgen,35618845
6ad0b389bfec1808f3675ac3fd472684,d77f5c1c769740986789de64b3a71ed9,eqtl,14,COLOC_PIP_ECAVIAR,3,0.05383466423163041,0.9461653357683688,0.015965738775742533,-1.0,GCST90011866,14_104924668_C_T,Systemic lupus erythematosus,SuSiE-inf,gtex_tx_testis_enst00000557457,ENSG00000185567,GTEx,32913098
30e9e0a0e9f0b7a102f6e9312b986918,b1d00ece469bb106fbf348a450507a63,eqtl,14,COLOC_PIP_ECAVIAR,5,0.134130239021789,0.8658697609782109,0.0058136460651744375,-1.0,GCST011096,14_104952897_T_C,Systemic lupus erythematosus,PICS,gtex_ge_esophagus_gej_ensg00000166428,ENSG00000166428,GTEx,32913098
83893f8b700ee986e13f387cbdf9ee04,a623fbd74de77baafe9dd10f46900328,eqtl,15,COLOC_PIP_ECAVIAR,4,0.00464880118851884,0.9953511988114814,0.1608713476549983,-1.0,GCST002463,15_38472642_C_T,Systemic lupus erythematosus,PICS,gilchrist_2021_microarray_nk-cell_naive_ilmn_1763997,ENSG00000171262,Gilchrist_2021,35835762
b2de2cd08e6a2936fc5843dc5d5e9c8a,70e659e755c6eaea2bc6cbf48536b431,eqtl,15,COLOC_PIP_ECAVIAR,13,0.1402862462782344,0.8597137537217646,0.005524884554918351,,GCST90270940,15_38541832_T_C,Systemic lupus erythematosus (MTAG),PICS,twinsuk_exon_lcl_ensg00000259598_1_15_38524070_38524444,ENSG00000259598,TwinsUK,25436857
f9e4a8624c99f0afe64da0eba0a4550a,70e659e755c6eaea2bc6cbf48536b431,eqtl,15,COLOC_PIP_ECAVIAR,6,0.07904080519404409,0.9209591948059563,0.010559611507193669,1.0,GCST011956,15_38554477_C_T,Systemic lupus erythematosus,PICS,twinsuk_exon_lcl_ensg00000259598_1_15_38524070_38524444,ENSG00000259598,TwinsUK,25436857
52f12e7b4a7e7df6a23f8c364ec6096c,e09138b7006326221279df2eab31eb39,sceqtl,15,COLOC_PIP_ECAVIAR,57,0.05812506682920367,0.9418749331707963,0.01444263266709721,-1.0,GCST90270940,15_69740455_G_A,Systemic lupus erythematosus (MTAG),PICS,onek1k_ge_cd8_tem_ensg00000245750,ENSG00000245750,OneK1K,35389779
198181fc06ab3c26e1360173142548f6,99f599a85cea9d3efeae6ae1d812bcc5,eqtl,15,COLOC_PIP_ECAVIAR,6,0.016271434249466334,0.9837285657505336,0.05295117001512743,1.0,GCST011956,15_74798906_C_T,Systemic lupus erythematosus,PICS,fusion_exon_adipose_naive_ensg00000103653_17_15_74799178_74799271,ENSG00000103653,FUSION,31076557
9d14d0939e8a9b033ee989ab756560de,4ade4b6f36723ebbd4f1ed43973e480f,eqtl,15,COLOC_PIP_ECAVIAR,9,0.029381762349538213,0.9706182376504612,0.02890635717893375,,GCST003622,15_75018695_C_A,Systemic lupus erythematosus,PICS,gtex_tx_kidney_cortex_enst00000563622,ENSG00000140400,GTEx,32913098
f8337c31e048c6e67be516ad1e87366e,91ad17f3a283232a5262fe090e06bd6b,eqtl,16,COLOC_PIP_ECAVIAR,6,0.17024624115773332,0.8297537588422681,0.004386096079613423,,GCST007400,16_11080508_G_A,Systemic lupus erythematosus,PICS,cedar_microarray_t-cell_cd4_ilmn_1670539,ENSG00000048471,CEDAR,29930244
cf239f41f6e7ae391d6f2a0e5decda1a,61841da2096ae3e77d014d890e62fc7c,sceqtl,16,COLOC_PIP_ECAVIAR,27,0.05177289119168902,0.9482271088083107,0.01628184354863315,1.0,GCST005752,16_11080795_G_A,Systemic lupus erythematosus,PICS,onek1k_ge_cd4_tcm_ensg00000262020,ENSG00000262020,OneK1K,35389779
8bd8cb76ffe89648efbc316bb5f8cd43,91905d76636bd96bba550b6445dd5c7f,eqtl,16,COLOC_PIP_ECAVIAR,2,0.018680131689471156,0.9813198683105288,0.047027153150388586,,GCST011956,16_23860136_T_G,Systemic lupus erythematosus,PICS,gtex_exon_esophagus_muscularis_ensg00000166501_14_16_23988508_23988590,ENSG00000166501,GTEx,32913098
178c2224be11412ace960c16a5618f54,7a5a78b08fe282b7c15f1d32dbc33ceb,eqtl,16,COLOC_PIP_ECAVIAR,6,0.04802340842053724,0.9519765915794625,0.017580959668201585,,GCST90270940,16_30691834_G_A,Systemic lupus erythematosus (MTAG),PICS,brainseq_exon_brain_ensg00000196118_12_16_30761749_30761983,ENSG00000196118,BrainSeq,30050107
cac6d1496199739fe995f119fc067c0b,7a5a78b08fe282b7c15f1d32dbc33ceb,eqtl,16,COLOC_PIP_ECAVIAR,7,0.07872389611017036,0.9212761038898288,0.010445984983199368,,GCST011956,16_30802133_A_AT,Systemic lupus erythematosus,PICS,brainseq_exon_brain_ensg00000196118_12_16_30761749_30761983,ENSG00000196118,BrainSeq,30050107
fea28a7a085fb2e92788b4d9ad47d557,b8dd02ccc273a0137998bd019eb66f2e,eqtl,16,COLOC_PIP_ECAVIAR,1,0.0017173727378446784,0.9982826272621544,0.3382463735402676,-1.0,GCST005752,16_31261032_G_A,Systemic lupus erythematosus,PICS,quach_2016_ge_monocyte_naive_ensg00000089280,ENSG00000089280,Quach_2016,27768888
3df384d965cfd39330a8a913e9ba46c7,b8dd02ccc273a0137998bd019eb66f2e,eqtl,16,COLOC_PIP_ECAVIAR,2,0.0018556483274271424,0.9981443516725732,0.3162426499224765,-1.0,GCST003622,16_31265490_G_A,Systemic lupus erythematosus,PICS,quach_2016_ge_monocyte_naive_ensg00000089280,ENSG00000089280,Quach_2016,27768888
2c655d37675f5e85f6e977f04b3ddcfb,87d11c28c1ef17dd957af65080a9acc6,eqtl,16,COLOC_PIP_ECAVIAR,47,0.14713423732443406,0.8528657626755668,0.005236207451895525,,GCST000996,16_31301932_C_T,Systemic lupus erythematosus,PICS,gtex_exon_spleen_ensg00000005844_19_16_30523186_30523567,ENSG00000005844,GTEx,32913098
d2b96d7ac4384b7ba96a88fbc21f52ce,87d11c28c1ef17dd957af65080a9acc6,eqtl,16,COLOC_PIP_ECAVIAR,49,0.13341692640465858,0.866583073595342,0.005832905748229663,-1.0,GCST90103801,16_31315385_C_T,Systemic lupus erythematosus,PICS,gtex_exon_spleen_ensg00000005844_19_16_30523186_30523567,ENSG00000005844,GTEx,32913098
38dcdbf0c72a198cc24aa8654941b042,0069c7fa4b91242ee1e3235c13ffd609,eqtl,16,COLOC_PIP_ECAVIAR,10,0.11476579115982322,0.8852342088401751,0.0069222808046550555,,GCST011096,16_31351932_C_T,Systemic lupus erythematosus,PICS,blueprint_ge_neutrophil_ensg00000156886,ENSG00000156886,BLUEPRINT,27863251
aba266b739e70ed41c1f0960f8c27a17,e63b34ccbdc128539b5efecc876b0831,eqtl,16,COLOC_PIP_ECAVIAR,1,0.00433881433744723,0.9956611856625529,0.16853721767586896,1.0,GCST000144,16_31357553_T_C,Systemic lupus erythematosus,PICS,quach_2016_exon_monocyte_pam3csk4_ensg00000140678_17_16_31357365_31357862,ENSG00000140678,Quach_2016,27768888
e1dfb0730794666f216e747c29bcc31b,15b3521d25812ba75b645a6c13164fe0,eqtl,16,COLOC_PIP_ECAVIAR,40,0.0912467790949748,0.9087532209050239,0.008900370759968487,,GCST011956,16_50055296_GT_G,Systemic lupus erythematosus,PICS,alasoo_2018_exon_macrophage_naive_ensg00000155393_14_16_50066270_50066366,ENSG00000155393,Alasoo_2018,29379200
b30f08f57bd620eccba148806f4d528a,6e5944fd079a1a0d037c2b148ae56914,eqtl,16,COLOC_PIP_ECAVIAR,7,0.19765048773344676,0.8023495122665525,0.003686579231837475,,GCST011096,16_57355914_T_A,Systemic lupus erythematosus,PICS,kim-hellmuth_2017_microarray_monocyte_ivt_90min_ilmn_1710186,ENSG00000102970,Kim-Hellmuth_2017,28814792
a674037bb676a8d70efbfbc850d5772b,6e5944fd079a1a0d037c2b148ae56914,eqtl,16,COLOC_PIP_ECAVIAR,5,0.1628975615205878,0.8371024384794106,0.004621926681562959,,GCST011956,16_57356566_C_G,Systemic lupus erythematosus,PICS,kim-hellmuth_2017_microarray_monocyte_ivt_90min_ilmn_1710186,ENSG00000102970,Kim-Hellmuth_2017,28814792
ec5120178dfe2f6f390d5e316c26707c,42a9f433b51fe1ca2dcfe6d28c65a00c,eqtl,16,COLOC_PIP_ECAVIAR,16,0.09642323433898016,0.9035767656610211,0.008436793572140208,,GCST90270940,16_57389946_C_T,Systemic lupus erythematosus (MTAG),PICS,brainseq_ge_brain_ensg00000088682,ENSG00000088682,BrainSeq,30050107
69cf9159cd64b078ff538894d3045d1f,bcc4240c8cd4385728e7eed95c937103,eqtl,16,COLOC_PIP_ECAVIAR,47,0.0507171584167729,0.9492828415832274,0.01662211135778421,-1.0,GCST90270940,16_58219556_A_G,Systemic lupus erythematosus (MTAG),PICS,gencord_exon_lcl_ensg00000260927_2_16_58162882_58163246,ENSG00000260927,GENCORD,23755361
ec7c9c2c0894b45a7c97d0e397f57538,637ab414f42ed69683b001a6f35d29ec,eqtl,16,COLOC_PIP_ECAVIAR,83,0.1175719791747481,0.8824280208252518,0.006735527405011018,1.0,GCST005752,16_68535537_T_G,Systemic lupus erythematosus,PICS,blueprint_ge_monocyte_ensg00000184939,ENSG00000184939,BLUEPRINT,27863251
d792bae1c175affb7a38e061a9822856,9068098b2fde0a9e414b50c52cbeaa00,eqtl,16,COLOC_PIP_ECAVIAR,6,0.054445327982715896,0.9455546720172837,0.01548915742877784,,GCST011956,16_79711775_G_GT,Systemic lupus erythematosus,PICS,gtex_ge_liver_ensg00000260876,ENSG00000260876,GTEx,32913098
64b32287d11184da3f2caf784f25675a,93702bfa77d74cbe904d3bc815e18a9d,sceqtl,16,COLOC_PIP_ECAVIAR,12,0.027525001537112723,0.9724749984628875,0.030961182828074647,,GCST003622,16_85933077_A_G,Systemic lupus erythematosus,PICS,cytoimmgen_ge_tn_a_stim_16h_ensg00000268804,ENSG00000268804,Cytoimmgen,35618845
8d4c33c907b8457ba54307401f98e5d9,93702bfa77d74cbe904d3bc815e18a9d,sceqtl,16,COLOC_PIP_ECAVIAR,14,0.024290264418103634,0.9757097355818954,0.03517103579550881,,GCST003155,16_85939006_G_A,Systemic lupus erythematosus,PICS,cytoimmgen_ge_tn_a_stim_16h_ensg00000268804,ENSG00000268804,Cytoimmgen,35618845
1ebf717c38554fd8247e70ec81e3f196,73c53ad17fe23729cec0ef3ec2016343,eqtl,16,COLOC_PIP_ECAVIAR,2,0.05329826768152035,0.9467017323184792,0.015887390961396783,1.0,GCST90011866,16_85968987_A_AAAT,Systemic lupus erythematosus,SuSiE-inf,geuvadis_exon_lcl_ensg00000269667_2_16_85981750_85981871,ENSG00000269667,GEUVADIS,24037378
67ae0c3ada1cb58c912963c089816dc6,73c53ad17fe23729cec0ef3ec2016343,eqtl,16,COLOC_PIP_ECAVIAR,2,0.07227208733363995,0.9277279126663607,0.011505754617995394,,GCST007400,16_85981710_A_G,Systemic lupus erythematosus,PICS,geuvadis_exon_lcl_ensg00000269667_2_16_85981750_85981871,ENSG00000269667,GEUVADIS,24037378
036b771a6dd53ce10e94b9a22be27d45,73c53ad17fe23729cec0ef3ec2016343,eqtl,16,COLOC_PIP_ECAVIAR,3,0.003547756705996599,0.9964522432940031,0.20127048203792883,1.0,GCST011956,16_85985665_G_A,Systemic lupus erythematosus,PICS,geuvadis_exon_lcl_ensg00000269667_2_16_85981750_85981871,ENSG00000269667,GEUVADIS,24037378
ce541665f373a66bfd6b07264b11422e,73c53ad17fe23729cec0ef3ec2016343,eqtl,16,COLOC_PIP_ECAVIAR,4,0.004328296507149223,0.9956717034928506,0.17237776708335953,,GCST005752,16_85985910_G_C,Systemic lupus erythematosus,PICS,geuvadis_exon_lcl_ensg00000269667_2_16_85981750_85981871,ENSG00000269667,GEUVADIS,24037378
6d204461ffd5b220c27fe2f2e7838a5f,b76d73c16aa6a2cbcec7c023c2a9c7dc,eqtl,17,COLOC_PIP_ECAVIAR,35,0.15719245446925248,0.8428075455307492,0.004816645702724848,-1.0,GCST005752,17_39729130_C_T,Systemic lupus erythematosus,PICS,gtex_ge_skin_sun_exposed_ensg00000073605,ENSG00000073605,GTEx,32913098
d1414dd520a719d8f61db61228c24015,c5c0fd1aeeeadf4607dafb01ca30d76f,eqtl,17,COLOC_PIP_ECAVIAR,133,0.17603154646482821,0.8239684535351718,0.004207479172351729,1.0,GCST003155,17_39764941_T_C,Systemic lupus erythematosus,PICS,gilchrist_2021_microarray_nk-cell_naive_ilmn_2300695,ENSG00000161405,Gilchrist_2021,35835762
39954f3452ee2e6ed8e9dc1c83439fa7,d2282953750399d5814b12a86dbfbf30,eqtl,17,COLOC_PIP_ECAVIAR,47,0.052952062235153176,0.9470479377648467,0.0158587469581588,-1.0,GCST90270940,17_39895095_A_G,Systemic lupus erythematosus (MTAG),PICS,blueprint_ge_monocyte_ensg00000172057,ENSG00000172057,BLUEPRINT,27863251
f4c73ecdded21d45b3af2b6d6351b0b4,28a79132448b5a68f08076a1f616bffc,eqtl,17,COLOC_PIP_ECAVIAR,2,0.04870038579947492,0.9512996142005256,0.017408943022048012,,GCST003155,17_4809322_C_T,Systemic lupus erythematosus,PICS,fusion_exon_adipose_naive_ensg00000142507_10_17_4797682_4797683,ENSG00000142507,FUSION,31076557
49acaed9fe82bdc66432357b67721724,6d469a111bbb005275c64241ce38b7d1,eqtl,17,COLOC_PIP_ECAVIAR,1,0.01722117443672758,0.982778825563272,0.05128775495413483,,GCST90270940,17_7323638_G_A,Systemic lupus erythematosus (MTAG),PICS,blueprint_exon_neutrophil_ensg00000072818_12_17_7350127_7350228,ENSG00000072818,BLUEPRINT,27863251
7f07a3f6234692a1f21cc4446d684ae3,2c39b8d52b6ee40da6069a17544b43fe,eqtl,17,COLOC_PIP_ECAVIAR,4,0.0034327029856278273,0.9965672970143721,0.20337957805048196,-1.0,GCST011097,17_7331664_G_A,Systemic lupus erythematosus,PICS,fairfax_2012_microarray_b-cell_cd19_ilmn_1808395,ENSG00000072818,Fairfax_2012,22446964
c87f712f65e87bee1e7818e9992fae23,6d469a111bbb005275c64241ce38b7d1,eqtl,17,COLOC_PIP_ECAVIAR,1,0.0,1.0,0.95000001,-1.0,GCST011956,17_7337072_C_T,Systemic lupus erythematosus,PICS,blueprint_exon_neutrophil_ensg00000072818_12_17_7350127_7350228,ENSG00000072818,BLUEPRINT,27863251
802db9b82de77fb7ca8d60b0438b1444,dafec1bfb65cdc8c6365819599617f45,eqtl,17,COLOC_PIP_ECAVIAR,59,0.08162278433455881,0.9183772156654407,0.010055679439239972,,GCST005752,17_75316103_G_A,Systemic lupus erythematosus,PICS,blueprint_exon_t-cell_ensg00000177885_15_17_75321659_75321753,ENSG00000177885,BLUEPRINT,27863251
07d8f2ce5c37a4a39a84c7b66c19bba2,12c663aafb544d3dbbbc2afcdcff4189,eqtl,17,COLOC_PIP_ECAVIAR,3,0.08871790770485571,0.911282092295146,0.009224569407045994,,GCST90270940,17_75330884_T_C,Systemic lupus erythematosus (MTAG),PICS,quach_2016_exon_monocyte_naive_ensg00000263843_1_17_75273412_75273722,ENSG00000263843,Quach_2016,27768888
8f02042ce9a097a799f370ee6e022950,bc976f9221094d092166d925444c32a2,eqtl,17,COLOC_PIP_ECAVIAR,23,0.06944060540936703,0.9305593945906335,0.011943282424300665,,GCST011096,17_75337790_T_C,Systemic lupus erythematosus,PICS,schmiedel_2018_ge_tfh_memory_ensg00000177885,ENSG00000177885,Schmiedel_2018,30449622
cb0e478fb35c0d41db198d03ca07c6d8,12c663aafb544d3dbbbc2afcdcff4189,eqtl,17,COLOC_PIP_ECAVIAR,3,0.14484687869915663,0.8551531213008418,0.005312323336833626,,GCST005831,17_75345203_T_C,Systemic lupus erythematosus,PICS,quach_2016_exon_monocyte_naive_ensg00000263843_1_17_75273412_75273722,ENSG00000263843,Quach_2016,27768888
4b067360d67be1c1f6848ac112f4a42d,b8f21592a6891449be7b0a2c5ebe2228,eqtl,18,COLOC_PIP_ECAVIAR,4,0.002480836334665004,0.9975191636653354,0.2713149433930058,1.0,GCST90270940,18_12797695_A_G,Systemic lupus erythematosus (MTAG),PICS,lepik_2017_exon_blood_ensg00000260302_3_18_12775822_12775923,ENSG00000260302,Lepik_2017,28922377
1ea1a5e93cc42e274274cee43562d3df,587083857dd053fb43f7c7a0dfc92239,sceqtl,18,COLOC_PIP_ECAVIAR,23,0.04129575306507013,0.9587042469349305,0.020647566340983147,1.0,GCST90270940,18_69867948_T_C,Systemic lupus erythematosus (MTAG),PICS,cytoimmgen_ge_tcm_stim_5d_ensg00000206052,ENSG00000206052,Cytoimmgen,35618845
8e926ff6a6a95c964cf38f2b0c59921a,587083857dd053fb43f7c7a0dfc92239,sceqtl,18,COLOC_PIP_ECAVIAR,14,0.08012394922418481,0.9198760507758159,0.010262658225761955,,GCST011956,18_69876452_C_T,Systemic lupus erythematosus,PICS,cytoimmgen_ge_tcm_stim_5d_ensg00000206052,ENSG00000206052,Cytoimmgen,35618845
a2c4150d738204dabf57f6dfdef1c3aa,a05a7a73cdfb39b58cb58d04a9611e71,eqtl,18,COLOC_PIP_ECAVIAR,2,0.1890994885233297,0.8109005114766711,0.003853915081084681,,GCST011956,18_79626912_G_A,Systemic lupus erythematosus,PICS,fusion_exon_adipose_naive_ensg00000122490_19_18_79915387_79915961,ENSG00000122490,FUSION,31076557
a7c92babc14651b6cdb8fb3a7ea63f28,1c6410caec2e2df395d71b661977d019,eqtl,19,COLOC_PIP_ECAVIAR,1,0.00023331291872905597,0.999766687081271,0.7699270385847881,-1.0,GCST003156,19_10352442_G_C,Systemic lupus erythematosus,SuSiE-inf,gtex_tx_nerve_tibial_enst00000529739,ENSG00000105397,GTEx,32913098
4e61c4f251746efe0eae271c42d87be2,9caf77655d819e4c80a0b09543b68518,eqtl,19,COLOC_PIP_ECAVIAR,3,0.0027948982743378173,0.9972051017256616,0.239157986697343,-1.0,GCST003156,19_10359299_A_C,Systemic lupus erythematosus,SuSiE-inf,blueprint_ge_neutrophil_ensg00000220201,ENSG00000220201,BLUEPRINT,27863251
e54bf23b36fa1e564904cb4a7f12899a,93865259ab41bc0fb5f7ba821af4e649,eqtl,19,COLOC_PIP_ECAVIAR,5,0.003372339889083933,0.9966276601109154,0.21594049332631932,-1.0,GCST003155,19_10364976_C_A,Systemic lupus erythematosus,PICS,twinsuk_exon_blood_ensg00000105397_14_19_10365517_10365863,ENSG00000105397,TwinsUK,25436857
4bed8ae3db9942b336f90e0e7866546d,93865259ab41bc0fb5f7ba821af4e649,eqtl,19,COLOC_PIP_ECAVIAR,5,0.002952617880105756,0.9970473821198944,0.2398054222689849,1.0,GCST007400,19_10366391_A_G,Systemic lupus erythematosus,PICS,twinsuk_exon_blood_ensg00000105397_14_19_10365517_10365863,ENSG00000105397,TwinsUK,25436857
050707296cf0d953dd6a8aba08bced60,99f17a3893a2031fffbe83c116018cfc,eqtl,19,COLOC_PIP_ECAVIAR,17,0.04938984005092304,0.9506101599490767,0.01713740963319932,-1.0,GCST90270940,19_15619822_T_C,Systemic lupus erythematosus (MTAG),PICS,lepik_2017_tx_blood_enst00000587671,ENSG00000186115,Lepik_2017,28922377
55b06044a921ebbcd82771f38058ff9f,ed779a283309453e2bcd9dbeb14ff3e1,eqtl,19,COLOC_PIP_ECAVIAR,7,0.00804583017008829,0.9919541698299122,0.1003933638400472,-1.0,GCST011491,19_16329024_A_C,Systemic lupus erythematosus,PICS,blueprint_ge_t-cell_ensg00000127528,ENSG00000127528,BLUEPRINT,27863251
71710d1fbd96efcabba11aa84ffc0f04,a755d57a30896d00a9803d41d7cfae9e,eqtl,19,COLOC_PIP_ECAVIAR,6,0.018832010101838954,0.9811679898981609,0.045158985561570004,-1.0,GCST005752,19_18406957_G_A,Systemic lupus erythematosus,PICS,cedar_microarray_neutrophil_cd15_ilmn_1766487,ENSG00000175489,CEDAR,29930244
510b8bd11b4f6481d7ea7dd809ec9c47,aefa27a39ffaf6dcda631a667669084e,eqtl,19,COLOC_PIP_ECAVIAR,60,0.11707329918148823,0.882926700818513,0.006760617959259403,,GCST011956,19_18430178_T_C,Systemic lupus erythematosus,PICS,fusion_tx_muscle_naive_enst00000607020,ENSG00000130511,FUSION,31076557
5e350f9a832cceb6428c631ec8b2e9a4,77fcf8a53710b19e254cae0a98407193,eqtl,19,COLOC_PIP_ECAVIAR,1,0.1849251953587382,0.8150748046412614,0.00396212310857038,,GCST011493,19_2167879_A_G,Systemic lupus erythematosus,PICS,gtex_ge_skin_not_sun_exposed_ensg00000267122,ENSG00000267122,GTEx,32913098
9c000e004bf8aa21b93a814e65b6b75d,3e90fd7ee8538830e2bc582ae0614035,eqtl,19,COLOC_PIP_ECAVIAR,15,0.043044684847514385,0.9569553151524851,0.019644211194941287,,GCST011096,19_49309146_G_T,Systemic lupus erythematosus,PICS,gtex_exon_artery_aorta_ensg00000104901_7_19_49365509_49365649,ENSG00000104901,GTEx,32913098
b7e6098a148429684951ebc514efbf22,3e90fd7ee8538830e2bc582ae0614035,eqtl,19,COLOC_PIP_ECAVIAR,15,0.03555986731285098,0.9644401326871482,0.02396833361704198,,GCST011956,19_49342638_C_T,Systemic lupus erythematosus,PICS,gtex_exon_artery_aorta_ensg00000104901_7_19_49365509_49365649,ENSG00000104901,GTEx,32913098
71c3e2e2de7c877762bec9785b5d4823,09eef3db6c102f6ebd166def065936d7,eqtl,19,COLOC_PIP_ECAVIAR,27,0.038945214228891925,0.9610547857711089,0.021760797796861346,,GCST011956,19_6689054_T_C,Systemic lupus erythematosus,PICS,gtex_exon_small_intestine_ensg00000174788_10_19_7631611_7631614,ENSG00000174788,GTEx,32913098
9e863a0576ff33c56d280112df8df37a,38391c3897196b7d7d84998e7e547c0c,eqtl,1,COLOC_PIP_ECAVIAR,2,0.024945575758347962,0.975054424241652,0.035735852867758267,1.0,GCST003156,1_113761186_C_A,Systemic lupus erythematosus,SuSiE-inf,gtex_tx_brain_cerebellum_enst00000650450,ENSG00000118655,GTEx,32913098
a49e8b84673a655687aa298d36bfb7bf,38391c3897196b7d7d84998e7e547c0c,eqtl,1,COLOC_PIP_ECAVIAR,2,0.024945575758348097,0.975054424241652,0.035736079958513904,1.0,GCST90270940,1_113834946_A_G,Systemic lupus erythematosus (MTAG),PICS,gtex_tx_brain_cerebellum_enst00000650450,ENSG00000118655,GTEx,32913098
5715527938aef2f9df70ededd3454cd8,c8a11fa3f13c0325e1b7f41d2f96e031,eqtl,1,COLOC_PIP_ECAVIAR,7,0.06250235475318158,0.9374976452468189,0.013374107416778755,,GCST011956,1_116500680_A_G,Systemic lupus erythematosus,PICS,geuvadis_exon_lcl_ensg00000116815_16_1_116514739_116514822,ENSG00000116815,GEUVADIS,24037378
bcf7798aae082ca3e9130c9f71960429,02102cdc6388df20888a925318f639c3,eqtl,1,COLOC_PIP_ECAVIAR,70,0.09662678154657581,0.9033732184534246,0.00836550100312717,,GCST011096,1_1241217_T_C,Systemic lupus erythematosus,PICS,blueprint_exon_monocyte_ensg00000176022_7_1_1232237_1235041,ENSG00000176022,BLUEPRINT,27863251
b92e1141b8a9199f2c9b18bb9d3f71c8,54a75fb3c6a0b1fe432432668af43443,eqtl,1,COLOC_PIP_ECAVIAR,4,0.09438186232205863,0.9056181376779427,0.008590666366281237,,GCST011956,1_157705207_G_T,Systemic lupus erythematosus,PICS,cedar_microarray_b-cell_cd19_ilmn_1699599,ENSG00000160856,CEDAR,29930244
2a8d2d77b7ab4ed5c3de0fcf278a788c,3877b4aae37dcfc3fa15881ec5a58667,eqtl,1,COLOC_PIP_ECAVIAR,5,0.009264164068854124,0.9907358359311463,0.08964727451943261,1.0,GCST003156,1_161509020_G_A,Systemic lupus erythematosus,SuSiE-inf,schmiedel_2018_exon_cd8_t-cell_anti-cd3-cd28_ensg00000122224_18_1_160813636_160813830,ENSG00000122224,Schmiedel_2018,30449622
7a90e563b20beab484679e98f3232a8b,3877b4aae37dcfc3fa15881ec5a58667,eqtl,1,COLOC_PIP_ECAVIAR,4,0.03571806738864074,0.9642819326113589,0.023990286029919847,,GCST003155,1_161509955_A_G,Systemic lupus erythematosus,PICS,schmiedel_2018_exon_cd8_t-cell_anti-cd3-cd28_ensg00000122224_18_1_160813636_160813830,ENSG00000122224,Schmiedel_2018,30449622
ff71e949f640d0856691d7da64f19453,32e037ae7c70f8b5ef1356d92ae2d881,eqtl,1,COLOC_PIP_ECAVIAR,3,0.14153797769661536,0.8584620223033863,0.005464160589607675,,GCST007400,1_161522797_C_T,Systemic lupus erythematosus,PICS,blueprint_tx_monocyte_enst00000467525,ENSG00000143226,BLUEPRINT,27863251
6b134bf6352a60b40e6eb5a602fbc97b,a7bac9867de9c89cc2d43bfd713adea4,eqtl,1,COLOC_PIP_ECAVIAR,17,0.15608137681362386,0.8439186231863779,0.0048793074805965845,1.0,GCST90270940,1_183590569_A_C,Systemic lupus erythematosus (MTAG),PICS,twinsuk_exon_skin_ensg00000116701_15_1_183560246_183560273,ENSG00000116701,TwinsUK,25436857
f357025665b980ef20bcfcd31064181f,a7bac9867de9c89cc2d43bfd713adea4,eqtl,1,COLOC_PIP_ECAVIAR,17,0.16611374225750702,0.8338862577424926,0.004511513893370989,1.0,GCST011096,1_183590726_T_C,Systemic lupus erythematosus,PICS,twinsuk_exon_skin_ensg00000116701_15_1_183560246_183560273,ENSG00000116701,TwinsUK,25436857
eeaf5ef3bb73308297fedd684885e4e4,66fbf59eaec8bb0e82ccc7f7db865f36,eqtl,1,COLOC_PIP_ECAVIAR,32,0.11121932674224144,0.8887806732577597,0.007200598637223507,1.0,GCST002463,1_184680369_C_A,Systemic lupus erythematosus,PICS,fusion_exon_adipose_naive_ensg00000116406_20_1_184719569_184720509,ENSG00000116406,FUSION,31076557
5798c364ef6eedb2df273313ab875ddd,dca0256f13a6840e7fca392aa02efb0b,eqtl,1,COLOC_PIP_ECAVIAR,2,0.022467201238668504,0.9775327987613316,0.038084212069743245,,GCST90270940,1_192567683_C_A,Systemic lupus erythematosus (MTAG),PICS,blueprint_ge_neutrophil_ensg00000090104,ENSG00000090104,BLUEPRINT,27863251
dc7f07afe0808bd3525e38fad99da923,ce71d281d09734d635bbce58934674de,eqtl,1,COLOC_PIP_ECAVIAR,36,0.04248653323460666,0.957513466765394,0.01991013560875797,1.0,GCST90270940,1_196693329_T_C,Systemic lupus erythematosus (MTAG),PICS,gtex_tx_thyroid_enst00000391985,ENSG00000116785,GTEx,32913098
fdd4e174bf743941224521f92cf32538,02659ce0bc3f9ccb6c7aea3013225494,eqtl,1,COLOC_PIP_ECAVIAR,22,0.029231206163684246,0.9707687938363162,0.029120391152892944,-1.0,GCST011956,1_198701340_G_A,Systemic lupus erythematosus,PICS,lepik_2017_exon_blood_ensg00000081237_20_1_198694018_198694140,ENSG00000081237,Lepik_2017,28922377
942e3a3d1f36d9a2deb97f200457fa1b,7c5aa083de59ca9d3939ea97860aab8c,eqtl,1,COLOC_PIP_ECAVIAR,1,0.007082174040780403,0.9929178259592205,0.1168125341676506,-1.0,GCST90011866,1_206456328_A_G,Systemic lupus erythematosus,SuSiE-inf,alasoo_2018_tx_macrophage_ifng_salmonella_enst00000391921,ENSG00000196352,Alasoo_2018,29379200
fc8f6301d41674f2a3321203d746fa33,b70f5d1867699b6e155a18ec5113a6a3,eqtl,1,COLOC_PIP_ECAVIAR,3,0.0019676511862644235,0.9980323488137361,0.3159284600868583,,GCST011956,1_206469377_A_T,Systemic lupus erythematosus,PICS,schmiedel_2018_ge_cd4_t-cell_naive_ensg00000263528,ENSG00000263528,Schmiedel_2018,30449622
4e3adf58227952f6ece5098d0b7370d0,7b2826ff2a59f0ead6ad540be22bf728,eqtl,1,COLOC_PIP_ECAVIAR,4,0.014388570974986846,0.9856114290250129,0.06080085885329367,,GCST011096,1_206470429_C_G,Systemic lupus erythematosus,PICS,blueprint_ge_monocyte_ensg00000263528,ENSG00000263528,BLUEPRINT,27863251
c55b31b395af9ff11785fbff76bca984,ef71c7801be687ac6a7f42b62c79b1ac,eqtl,1,COLOC_PIP_ECAVIAR,3,0.004047040485145806,0.9959529595148536,0.18419229638264384,1.0,GCST90270940,1_206766559_G_A,Systemic lupus erythematosus (MTAG),PICS,twinsuk_exon_lcl_ensg00000136634_7_1_206770907_206771059,ENSG00000136634,TwinsUK,25436857
8d7c9f6421fdf1dd4f59799360477898,ef71c7801be687ac6a7f42b62c79b1ac,eqtl,1,COLOC_PIP_ECAVIAR,3,0.003755731030274489,0.9962442689697255,0.19082936780583498,1.0,GCST005752,1_206770623_C_A,Systemic lupus erythematosus,PICS,twinsuk_exon_lcl_ensg00000136634_7_1_206770907_206771059,ENSG00000136634,TwinsUK,25436857
f48310eb5aa9271817037bfa8d603f9e,ef71c7801be687ac6a7f42b62c79b1ac,eqtl,1,COLOC_PIP_ECAVIAR,5,0.003667246463582554,0.9963327535364181,0.20045444320165046,-1.0,GCST007400,1_206781696_G_A,Systemic lupus erythematosus,PICS,twinsuk_exon_lcl_ensg00000136634_7_1_206770907_206771059,ENSG00000136634,TwinsUK,25436857
7c7f5f6b3241ad0722fc1edb2ba2279f,ce577ee6e216c5c817cac74785c8adc8,eqtl,1,COLOC_PIP_ECAVIAR,18,0.0224570379524691,0.9775429620475303,0.03781109699704269,-1.0,GCST003155,1_235876577_T_C,Systemic lupus erythematosus,PICS,schmiedel_2018_ge_th17_memory_ensg00000143669,ENSG00000143669,Schmiedel_2018,30449622
d3ea4d0fcb9ef074b523c10b36339909,642cce963b8aa9466965ac9274430644,eqtl,1,COLOC_PIP_ECAVIAR,24,0.037663420757146154,0.9623365792428541,0.02249599858262565,1.0,GCST011096,1_37814315_T_C,Systemic lupus erythematosus,PICS,commonmind_exon_dlpfc_naive_ensg00000204084_13_1_37873993_37874155,ENSG00000204084,CommonMind,31551426
ab8cc8cbb58034eec0decd8e29ae0db5,1c813169a3ffd89bca25a65f5aa80413,eqtl,1,COLOC_PIP_ECAVIAR,8,0.029542744169496253,0.9704572558305042,0.029703824760341987,1.0,GCST90270940,1_37881745_A_G,Systemic lupus erythematosus (MTAG),PICS,nedelec_2016_exon_macrophage_naive_ensg00000183386_10_1_37998718_37998973,ENSG00000183386,Nedelec_2016,27768889
803c2f0c1bf0cef7e7a5783ef50ac849,7420aeb122c790692e183288c965644e,eqtl,1,COLOC_PIP_ECAVIAR,33,0.17274811615687238,0.8272518838431283,0.004311655466727703,,GCST90270940,1_42051099_A_C,Systemic lupus erythematosus (MTAG),PICS,cedar_microarray_t-cell_cd8_ilmn_1864166,ENSG00000127124,CEDAR,29930244
0b4b48e15bbe16882278ebd71b4326e5,455aa13d8791ccf4d72910cc2ae29127,eqtl,1,COLOC_PIP_ECAVIAR,5,0.028123181776158614,0.9718768182238419,0.030535258468102035,,GCST90270940,1_67354511_C_T,Systemic lupus erythematosus (MTAG),PICS,schmiedel_2018_ge_nk-cell_naive_ensg00000081985,ENSG00000081985,Schmiedel_2018,30449622
470aa3521149b4b33389f64bbf0db8fc,32f562aae567244e8467b0ed34f9def1,eqtl,1,COLOC_PIP_ECAVIAR,2,0.030906230131312978,0.9690937698686867,0.027492478346900634,,GCST011096,1_67359716_A_C,Systemic lupus erythematosus,PICS,lepik_2017_exon_blood_ensg00000081985_13_1_67395547_67395763,ENSG00000081985,Lepik_2017,28922377
125724173fbc5988c0950a77d558681e,4343b9f1e0bd83a6f989f903031cbae1,eqtl,1,COLOC_PIP_ECAVIAR,6,0.012000884670653715,0.9879991153293466,0.06871176454742046,1.0,GCST90270940,1_8422018_C_T,Systemic lupus erythematosus (MTAG),PICS,blueprint_ge_monocyte_ensg00000142599,ENSG00000142599,BLUEPRINT,27863251
23cdfcff22b052701bc512ccd399a2f0,278463ba31719a49e06dc1f14d0da7a5,eqtl,1,COLOC_PIP_ECAVIAR,10,0.007886767607828197,0.9921132323921713,0.10090805635532894,1.0,GCST90270940,1_92469854_T_G,Systemic lupus erythematosus (MTAG),PICS,twinsuk_exon_lcl_ensg00000162676_12_1_92473043_92474761,ENSG00000162676,TwinsUK,25436857
29612fb6f674245f4979f11917f2a91c,58bce16e31d86dabfad1244f8b8d1203,eqtl,20,COLOC_PIP_ECAVIAR,9,0.0095437437218204,0.9904562562781797,0.08603807967286928,1.0,GCST005752,20_46119308_T_G,Systemic lupus erythematosus,PICS,gtex_exon_artery_aorta_ensg00000101017_14_20_46118373_46118394,ENSG00000101017,GTEx,32913098
0f17350893275f713cb43cc20ddfc492,90d13b3763764792e97e7f205ddb636f,eqtl,20,COLOC_PIP_ECAVIAR,1,0.0,1.0,0.9500000100000001,1.0,GCST90270940,20_59159698_G_A,Systemic lupus erythematosus (MTAG),PICS,blueprint_exon_t-cell_ensg00000124203_7_20_59159652_59160895,ENSG00000124203,BLUEPRINT,27863251
22f31248296729b1c724e55cc686a1f8,4911f13476e07381df90065ec3ce7c12,eqtl,22,COLOC_PIP_ECAVIAR,17,0.0805702062320329,0.9194297937679655,0.010339263826393505,-1.0,GCST011956,22_18166589_T_C,Systemic lupus erythematosus,PICS,twinsuk_exon_fat_ensg00000184979_10_22_18167255_18167334,ENSG00000184979,TwinsUK,25436857
c708828d29205e6fc88368c8d67685ea,40e350b338e0bfeeec201f24e1783a03,eqtl,22,COLOC_PIP_ECAVIAR,50,0.15140204560673204,0.8485979543932666,0.005032989159220866,,GCST000507,22_21562901_G_T,Systemic lupus erythematosus,PICS,fairfax_2012_microarray_b-cell_cd19_ilmn_1677877,ENSG00000185651,Fairfax_2012,22446964
bfa503cbb55d1c78255a8e32af80160b,ad85d6e5d6476273ee23f78bbd9114a8,eqtl,22,COLOC_PIP_ECAVIAR,83,0.115031049134654,0.8849689508653465,0.006890987016233608,,GCST007400,22_21563337_C_G,Systemic lupus erythematosus,PICS,bossini-castillo_2019_exon_treg_naive_ensg00000241973_11_22_20726498_20726541,ENSG00000241973,Bossini-Castillo_2019,35591976
e4e686c04d1ad2f7f313e4f2aef5373f,ad85d6e5d6476273ee23f78bbd9114a8,eqtl,22,COLOC_PIP_ECAVIAR,25,0.11335560008991065,0.8866443999100906,0.007012997110972185,1.0,GCST90011866,22_21584178_AT_A,Systemic lupus erythematosus,SuSiE-inf,bossini-castillo_2019_exon_treg_naive_ensg00000241973_11_22_20726498_20726541,ENSG00000241973,Bossini-Castillo_2019,35591976
a581757649ab403f1f1325d6c3813009,ad85d6e5d6476273ee23f78bbd9114a8,eqtl,22,COLOC_PIP_ECAVIAR,70,0.11407202544037506,0.8859279745596234,0.006958620958376377,1.0,GCST90270940,22_21585386_G_T,Systemic lupus erythematosus (MTAG),PICS,bossini-castillo_2019_exon_treg_naive_ensg00000241973_11_22_20726498_20726541,ENSG00000241973,Bossini-Castillo_2019,35591976
1ada5ebbe72c4985b080b9014315cd6f,ad85d6e5d6476273ee23f78bbd9114a8,eqtl,22,COLOC_PIP_ECAVIAR,21,0.11437909081899647,0.885620909181004,0.0070017405572005914,1.0,GCST011096,22_21590807_T_A,Systemic lupus erythematosus,PICS,bossini-castillo_2019_exon_treg_naive_ensg00000241973_11_22_20726498_20726541,ENSG00000241973,Bossini-Castillo_2019,35591976
c12612f834f63cbb305f252e46986b07,ad85d6e5d6476273ee23f78bbd9114a8,eqtl,22,COLOC_PIP_ECAVIAR,47,0.11506043623332553,0.8849395637666758,0.006892133568226736,1.0,GCST90020042,22_21609497_A_G,Systemic lupus erythematosus,PICS,bossini-castillo_2019_exon_treg_naive_ensg00000241973_11_22_20726498_20726541,ENSG00000241973,Bossini-Castillo_2019,35591976
af86356374d21f091f4fd2a1c86ac0a7,ad85d6e5d6476273ee23f78bbd9114a8,eqtl,22,COLOC_PIP_ECAVIAR,79,0.11468085561277575,0.8853191443872238,0.0069419096602468125,1.0,GCST005752,22_21622645_T_C,Systemic lupus erythematosus,PICS,bossini-castillo_2019_exon_treg_naive_ensg00000241973_11_22_20726498_20726541,ENSG00000241973,Bossini-Castillo_2019,35591976
55d02860a25ecf7ebc3521ed34f1fa3c,ad85d6e5d6476273ee23f78bbd9114a8,eqtl,22,COLOC_PIP_ECAVIAR,60,0.11922793523873877,0.8807720647612604,0.006632872108405726,1.0,GCST003156,22_21630090_G_A,Systemic lupus erythematosus,SuSiE-inf,bossini-castillo_2019_exon_treg_naive_ensg00000241973_11_22_20726498_20726541,ENSG00000241973,Bossini-Castillo_2019,35591976
7da05593ec3730591f9161f32768aa81,7da68a7d28cec7f741f32a10d45ff682,eqtl,22,COLOC_PIP_ECAVIAR,42,0.04050100417899669,0.9594989958210034,0.020890349050699825,-1.0,GCST90270940,22_39325740_A_G,Systemic lupus erythematosus (MTAG),PICS,kim-hellmuth_2017_microarray_monocyte_lps_90min_ilmn_1775822,ENSG00000100311,Kim-Hellmuth_2017,28814792
5fac82ad0d00ce9f31191bfc7f10f9fc,411a213d73a54e15e7da880c19c8f651,eqtl,22,COLOC_PIP_ECAVIAR,8,0.016063526136688402,0.983936473863311,0.05226156019433104,,GCST011956,22_39343182_C_T,Systemic lupus erythematosus,PICS,cap_exon_lcl_statin_ensg00000100321_15_22_39376034_39376051,ENSG00000100321,CAP,32787775
d32764cfcd4cbf6c408c86aed316261d,79d07724c6a02fac26d82ad9327011ad,eqtl,2,COLOC_PIP_ECAVIAR,73,0.11360468582712889,0.8863953141728721,0.006995127153108932,1.0,GCST90270940,2_100142995_C_A,Systemic lupus erythematosus (MTAG),PICS,blueprint_exon_monocyte_ensg00000144218_21_2_100109845_100110333,ENSG00000144218,BLUEPRINT,27863251
0a3db3c8da7d96add0b3108cc9787779,2015c3fa08574c18dc204c11149027dd,eqtl,2,COLOC_PIP_ECAVIAR,35,0.05090448451875558,0.9490955154812439,0.016604819002615217,1.0,GCST90270940,2_102473668_C_T,Systemic lupus erythematosus (MTAG),PICS,twinsuk_exon_lcl_ensg00000234389_1_2_102439593_102440475,ENSG00000234389,TwinsUK,25436857
33282707b0a3fee1f85dadbb23f4494d,cef077e2093e50e731356956502dfe0d,eqtl,2,COLOC_PIP_ECAVIAR,14,0.02384068080685357,0.9761593191931458,0.03587683036780615,,GCST011956,2_111119597_C_G,Systemic lupus erythematosus,PICS,gtex_ge_esophagus_gej_ensg00000204581,ENSG00000204581,GTEx,32913098
07c058885b1dcce088cc1f6476353c52,234f3e99d4479ff4864ec2c969f7321b,eqtl,2,COLOC_PIP_ECAVIAR,1,0.08768737017363107,0.9123126298263692,0.009782168288127936,-1.0,GCST003156,2_113072292_G_T,Systemic lupus erythematosus,SuSiE-inf,gtex_ge_pituitary_ensg00000136697,ENSG00000136697,GTEx,32913098
ac223473dde388413df242c065440dd1,ae70a5e27220ce1bb4e4828a88a0aa41,eqtl,2,COLOC_PIP_ECAVIAR,1,0.028231520709142706,0.9717684792908575,0.030118836284224168,,GCST90270940,2_134293051_G_A,Systemic lupus erythematosus (MTAG),PICS,schmiedel_2018_exon_cd4_t-cell_anti-cd3-cd28_ensg00000152127_9_2_134253104_134253218,ENSG00000152127,Schmiedel_2018,30449622
ef0a10d1b99f904c403dab0d34d98f34,43c26023868b8c645fd565d4c833034d,eqtl,2,COLOC_PIP_ECAVIAR,52,0.19596932952905358,0.8040306704709458,0.0036934885151518907,-1.0,GCST011956,2_135900775_A_G,Systemic lupus erythematosus,PICS,fairfax_2012_microarray_b-cell_cd19_ilmn_1798654,ENSG00000076003,Fairfax_2012,22446964
8c3d17c1e9170d38cf9ca7f85f4ffe8e,cbb4dc92145484842d78a1e91e950381,sceqtl,2,COLOC_PIP_ECAVIAR,30,0.12763680545504788,0.8723631945449513,0.006180408665155412,-1.0,GCST011096,2_143263405_C_T,Systemic lupus erythematosus,PICS,onek1k_ge_cd4_naive_ensg00000231758,ENSG00000231758,OneK1K,35389779
2334e0f35e0979333ca627fc9c82d0d8,407e718cba9c19e8ff00a0487e88ec7a,eqtl,2,COLOC_PIP_ECAVIAR,10,0.055853804699282285,0.9441461953007181,0.01509429583861568,1.0,GCST90270940,2_190391157_C_T,Systemic lupus erythematosus (MTAG),PICS,bossini-castillo_2019_exon_treg_naive_ensg00000138378_19_2_191041065_191041148,ENSG00000138378,Bossini-Castillo_2019,35591976
f0906d3e25a18469777029f60a5ce519,4d47a8e50b561db3d655ded547b98057,eqtl,2,COLOC_PIP_ECAVIAR,3,0.09566546798044176,0.9043345320195572,0.008695904814223892,-1.0,GCST90011866,2_190399474_A_G,Systemic lupus erythematosus,SuSiE-inf,rosmap_exon_brain_naive_ensg00000284052_1_2_190607660_190610996,ENSG00000284052,ROSMAP,28869584
928c00a94d6b3e3319047768b6770ca7,cab45d26680f4f6a7c9fe6890a491aef,eqtl,2,COLOC_PIP_ECAVIAR,8,0.01344954238305602,0.9865504576169436,0.0634631152177869,1.0,GCST011097,2_190567413_G_A,Systemic lupus erythematosus,PICS,gtex_exon_testis_ensg00000189362_12_2_190504338_190509312,ENSG00000189362,GTEx,32913098
e35f38478a08a256fdae9819720fcb1c,e4cc4809af3472e252cbd52fde8a4f87,eqtl,2,COLOC_PIP_ECAVIAR,7,0.01006500984851361,0.9899349901514859,0.08260559486496424,-1.0,GCST90011866,2_190854772_A_G,Systemic lupus erythematosus,SuSiE-inf,schmiedel_2018_ge_cd4_t-cell_naive_ensg00000228509,ENSG00000228509,Schmiedel_2018,30449622
c66c526d1dcb25635c4c7edd24b9a395,66f2dc508ca5612175817415f1111517,eqtl,2,COLOC_PIP_ECAVIAR,4,0.030447807441655983,0.9695521925583447,0.028328920904337758,,GCST000216,2_191038032_G_A,Systemic lupus erythematosus,PICS,gtex_exon_testis_ensg00000138378_19_2_191068060_191068594,ENSG00000138378,GTEx,32913098
1cbb28856a2ddd7954dcaa863b8d20e7,66844d67526ae365b5ab5b524d5492c1,eqtl,2,COLOC_PIP_ECAVIAR,1,0.0027786966416641005,0.9972213033583358,0.2508953483513808,-1.0,GCST90011866,2_191052591_T_G,Systemic lupus erythematosus,SuSiE-inf,van_de_bunt_2015_exon_pancreatic_islet_ensg00000138386_17_2_190649070_190649082,ENSG00000138386,van_de_Bunt_2015,26624892
8994d5218655b48973b9d7ead5c9f595,66f2dc508ca5612175817415f1111517,eqtl,2,COLOC_PIP_ECAVIAR,1,0.005873518401554365,0.9941264815984456,0.13751732705000067,-1.0,GCST90011866,2_191057148_C_G,Systemic lupus erythematosus,SuSiE-inf,gtex_exon_testis_ensg00000138378_19_2_191068060_191068594,ENSG00000138378,GTEx,32913098
b8c26a9e8c50a3531b1f8a26eeb1e8aa,f23752d99ebb30d21ae5be0d33ae10d7,eqtl,2,COLOC_PIP_ECAVIAR,10,0.012834307417117184,0.9871656925828834,0.06473285066293637,-1.0,GCST003252,2_191079016_C_T,Systemic lupus erythematosus,PICS,schmiedel_2018_exon_th1-17_memory_ensg00000138378_19_2_191041474_191041683,ENSG00000138378,Schmiedel_2018,30449622
2181666c501c064505b1849399a6ba35,f23752d99ebb30d21ae5be0d33ae10d7,eqtl,2,COLOC_PIP_ECAVIAR,9,0.024373649201030266,0.9756263507989703,0.035334705638319364,,GCST003599,2_191089272_A_C,Systemic lupus erythematosus,PICS,schmiedel_2018_exon_th1-17_memory_ensg00000138378_19_2_191041474_191041683,ENSG00000138378,Schmiedel_2018,30449622
431db9f2a84a74f56c5d7dd2063bbfd2,f23752d99ebb30d21ae5be0d33ae10d7,eqtl,2,COLOC_PIP_ECAVIAR,12,0.011649959993626627,0.9883500400063732,0.07097859016425306,-1.0,GCST90480453,2_191093930_C_T,Systemic lupus erythematosus (PheCode 695.42),PICS,schmiedel_2018_exon_th1-17_memory_ensg00000138378_19_2_191041474_191041683,ENSG00000138378,Schmiedel_2018,30449622
e9251672076c8e27c4d5158948e77f6c,f23752d99ebb30d21ae5be0d33ae10d7,eqtl,2,COLOC_PIP_ECAVIAR,12,0.014675904659230046,0.985324095340769,0.05830869232302599,-1.0,GCST90018917,2_191095383_T_A,Systemic lupus erythematosus,PICS,schmiedel_2018_exon_th1-17_memory_ensg00000138378_19_2_191041474_191041683,ENSG00000138378,Schmiedel_2018,30449622
a9aa34a91bee594e8dc9d1df59add13b,f23752d99ebb30d21ae5be0d33ae10d7,eqtl,2,COLOC_PIP_ECAVIAR,11,0.011905319996710914,0.988094680003289,0.07027452605544135,-1.0,GCST000996,2_191099907_T_G,Systemic lupus erythematosus,PICS,schmiedel_2018_exon_th1-17_memory_ensg00000138378_19_2_191041474_191041683,ENSG00000138378,Schmiedel_2018,30449622
4af56361023bfdd22c1d6423f4516905,f23752d99ebb30d21ae5be0d33ae10d7,eqtl,2,COLOC_PIP_ECAVIAR,7,0.011571136095512802,0.988428863904487,0.07115445024690052,,GCST005752,2_191101726_G_C,Systemic lupus erythematosus,PICS,schmiedel_2018_exon_th1-17_memory_ensg00000138378_19_2_191041474_191041683,ENSG00000138378,Schmiedel_2018,30449622
5579c9452fa4e44d03a481ace7f79cf1,f23752d99ebb30d21ae5be0d33ae10d7,eqtl,2,COLOC_PIP_ECAVIAR,10,0.010235385723619725,0.9897646142763796,0.0799633334638414,,GCST011426,2_191105394_C_G,Systemic lupus erythematosus,PICS,schmiedel_2018_exon_th1-17_memory_ensg00000138378_19_2_191041474_191041683,ENSG00000138378,Schmiedel_2018,30449622
b1ca2ff0cd958573f88fac64a6ff17d4,87e7bcdb8f718d4acdddde4879135c2d,sceqtl,2,COLOC_PIP_ECAVIAR,76,0.16559849666636856,0.8344015033336301,0.004529799857332618,,GCST90270940,2_197842192_C_T,Systemic lupus erythematosus (MTAG),PICS,nathan_2022_ge_cd4-8__pd-1_tigit__ensg00000115896,ENSG00000115896,Nathan_2022,35545678
81c90935a60a005f31c7d33eb31c7974,2d0ceb036b36dc1338cf0f29080db2d4,eqtl,2,COLOC_PIP_ECAVIAR,20,0.09535296786067879,0.9046470321393222,0.008482212683941778,,GCST011956,2_198090050_C_T,Systemic lupus erythematosus,PICS,blueprint_ge_monocyte_ensg00000115896,ENSG00000115896,BLUEPRINT,27863251
0bab31d53c62522b1f96d1359b473ab5,97e00dff398606a2fb00e2606226bbe8,eqtl,2,COLOC_PIP_ECAVIAR,23,0.026090735357775476,0.973909264642225,0.032506622646315264,-1.0,GCST90270940,2_203843923_C_T,Systemic lupus erythematosus (MTAG),PICS,cedar_microarray_t-cell_cd4_ilmn_1763487,ENSG00000163599,CEDAR,29930244
d1b498ea3f884a315503fdec6c70b955,6ecb7dfc274d16bd847f76d4cdda19d5,eqtl,2,COLOC_PIP_ECAVIAR,5,0.00620236020455462,0.9937976397954454,0.1270388514771114,1.0,GCST003155,2_213006985_G_A,Systemic lupus erythematosus,PICS,cap_exon_lcl_naive_ensg00000030419_17_2_213021644_213021720,ENSG00000030419,CAP,32787775
56c6256ebe2b9585695ead98089b225a,6ecb7dfc274d16bd847f76d4cdda19d5,eqtl,2,COLOC_PIP_ECAVIAR,5,0.013611454247533825,0.9863885457524655,0.06101479765088201,1.0,GCST011096,2_213025508_G_T,Systemic lupus erythematosus,PICS,cap_exon_lcl_naive_ensg00000030419_17_2_213021644_213021720,ENSG00000030419,CAP,32787775
405b62ef0b455de71d42ac8a9def1f75,be32087d5cc9e2d11c74db98912b90fa,eqtl,2,COLOC_PIP_ECAVIAR,36,0.15857839233777934,0.84142160766222,0.004771667696418409,1.0,GCST003156,2_232423957_A_C,Systemic lupus erythematosus,PICS,fusion_exon_muscle_naive_ensg00000144524_18_2_231790978_231791169,ENSG00000144524,FUSION,31076557
7b0fb018c72ec16660e44b8007a3abd5,cf2841a0ca3e06372b2df4ebacdddb57,eqtl,2,COLOC_PIP_ECAVIAR,1,0.055861187815577834,0.9441388121844224,0.015258913122303477,,GCST011956,2_30222160_T_C,Systemic lupus erythematosus,PICS,blueprint_exon_neutrophil_ensg00000213626_13_2_30231537_30231764,ENSG00000213626,BLUEPRINT,27863251
9d71b8e25efab30a8431bcdd21ea3d4f,18c64c8d70d6a378735f6fa5d758ae8c,eqtl,2,COLOC_PIP_ECAVIAR,8,0.03677552187668652,0.9632244781233139,0.02334066717745252,,GCST003622,2_30256991_C_A,Systemic lupus erythematosus,PICS,gtex_exon_colon_transverse_ensg00000213626_13_2_30257701_30257760,ENSG00000213626,GTEx,32913098
bc0df2c6fa11781f77dd2ca5ea3bde78,b98ec9d062c2fe7850a49ae58b99df03,eqtl,2,COLOC_PIP_ECAVIAR,2,0.0004616787490733938,0.9995383212509262,0.6498428156009748,1.0,GCST000507,2_33476823_T_C,Systemic lupus erythematosus,PICS,gencord_ge_lcl_ensg00000152689,ENSG00000152689,GENCORD,23755361
e26e652ce47e1a47b015bb64c5e40ffa,b61d907394d7d66b918b7f0eabca563d,eqtl,2,COLOC_PIP_ECAVIAR,6,0.12529091547211207,0.8747090845278879,0.006265026414078095,,GCST005752,2_60841032_C_T,Systemic lupus erythematosus,PICS,blueprint_exon_monocyte_ensg00000162927_14_2_60940223_60942224,ENSG00000162927,BLUEPRINT,27863251
43b884379a22a4fe38fbcdc60a3fde61,39d38d4adaeec25d612df18232106042,eqtl,2,COLOC_PIP_ECAVIAR,13,0.05487917578991523,0.9451208242100848,0.01532788489669828,-1.0,GCST011956,2_65354166_C_T,Systemic lupus erythematosus,PICS,gtex_exon_brain_anterior_cingulate_cortex_ensg00000198369_10_2_65344800_65344896,ENSG00000198369,GTEx,32913098
8c428e2c9fd1a5d011592487b64ead33,9b18df0fc2a8b5c4ec3e56f379cce9de,eqtl,2,COLOC_PIP_ECAVIAR,16,0.04088273504944911,0.959117264950551,0.020838802154162374,,GCST90270940,2_65365191_T_C,Systemic lupus erythematosus (MTAG),PICS,gtex_tx_testis_enst00000356388,ENSG00000198369,GTEx,32913098
1886084023ba6895574a618d5da80d27,6fee1cf144085e8fef5cc26cb07d6e0f,eqtl,2,COLOC_PIP_ECAVIAR,30,0.18845121070070264,0.8115487892992986,0.0038700140424471614,,GCST003156,2_65427230_C_T,Systemic lupus erythematosus,PICS,gtex_exon_testis_ensg00000234255_9_2_65450517_65450589,ENSG00000234255,GTEx,32913098
6edad55b29fc0cb71d3ebaf332a494ab,0ef60242bc138871ff1c46e0eecf5a6b,eqtl,2,COLOC_PIP_ECAVIAR,6,0.028654188308068835,0.9713458116919316,0.030143556544286465,,GCST90020042,2_73975451_T_C,Systemic lupus erythematosus,PICS,alasoo_2018_exon_macrophage_naive_ensg00000065911_13_2_74215572_74217503,ENSG00000065911,Alasoo_2018,29379200
af9e689a95500ab529a67182096b7430,ea524888e4ed59553a30d707b104b8d5,eqtl,2,COLOC_PIP_ECAVIAR,1,0.012981477980621858,0.9870185220193775,0.0643591311507535,,GCST001795,2_73981235_C_T,Systemic lupus erythematosus,PICS,cap_exon_lcl_naive_ensg00000237883_3_2_73981109_73981134,ENSG00000237883,CAP,32787775
a19c6fdd4505d92dc40e24d8caa8bb49,ea524888e4ed59553a30d707b104b8d5,eqtl,2,COLOC_PIP_ECAVIAR,1,0.01998815633603323,0.980011843663967,0.042418280542444765,,GCST011956,2_73989388_A_T,Systemic lupus erythematosus,PICS,cap_exon_lcl_naive_ensg00000237883_3_2_73981109_73981134,ENSG00000237883,CAP,32787775
a9c7dec016f23fb4a6e062705c5a3097,afd9a04fadf5c01ddde0a8c1ef3f2f37,eqtl,3,COLOC_PIP_ECAVIAR,12,0.04334995369016932,0.9566500463098307,0.019997302263605198,-1.0,GCST90011866,3_119403973_T_C,Systemic lupus erythematosus,SuSiE-inf,alasoo_2018_tx_macrophage_ifng_salmonella_enst00000478182,ENSG00000121594,Alasoo_2018,29379200
2f07751c10208edb3173e758e32d21c7,afd9a04fadf5c01ddde0a8c1ef3f2f37,eqtl,3,COLOC_PIP_ECAVIAR,12,0.034671222709012614,0.9653287772909869,0.024802337027541792,-1.0,GCST90270940,3_119431242_A_G,Systemic lupus erythematosus (MTAG),PICS,alasoo_2018_tx_macrophage_ifng_salmonella_enst00000478182,ENSG00000121594,Alasoo_2018,29379200
0c7fe42a0186f34e90eea4a95585517f,afd9a04fadf5c01ddde0a8c1ef3f2f37,eqtl,3,COLOC_PIP_ECAVIAR,14,0.038272272673202774,0.9617277273267976,0.022173668327818558,1.0,GCST005752,3_119455536_A_G,Systemic lupus erythematosus,PICS,alasoo_2018_tx_macrophage_ifng_salmonella_enst00000478182,ENSG00000121594,Alasoo_2018,29379200
360376c6ea5e3b387f09a0e4afa69912,afd9a04fadf5c01ddde0a8c1ef3f2f37,eqtl,3,COLOC_PIP_ECAVIAR,13,0.062406019352614486,0.9375939806473855,0.013396551896150997,,GCST007400,3_119503609_G_C,Systemic lupus erythematosus,PICS,alasoo_2018_tx_macrophage_ifng_salmonella_enst00000478182,ENSG00000121594,Alasoo_2018,29379200
30257fc36e7861fddab3fee1ce53dfd5,afd9a04fadf5c01ddde0a8c1ef3f2f37,eqtl,3,COLOC_PIP_ECAVIAR,10,0.10708256568847105,0.892917434311529,0.007615861172016243,,GCST011956,3_119518879_AAAAC_A,Systemic lupus erythematosus,PICS,alasoo_2018_tx_macrophage_ifng_salmonella_enst00000478182,ENSG00000121594,Alasoo_2018,29379200
cb9c9a014fa8c992c9d80de65325a46e,fa2b5f3d5d6e2cdeb75cf20f9b693b5c,eqtl,3,COLOC_PIP_ECAVIAR,10,0.11127900345968114,0.8887209965403186,0.007162274226233516,,GCST90270940,3_121834872_G_A,Systemic lupus erythematosus (MTAG),PICS,gtex_exon_lung_ensg00000180353_11_3_121631399_121631399,ENSG00000180353,GTEx,32913098
f741779a0a7d30a2931490340a8b65a6,9972540effa03ba8c5049b080c2327d2,eqtl,3,COLOC_PIP_ECAVIAR,17,0.028774432231394816,0.9712255677686048,0.02995198933960834,-1.0,GCST90270940,3_12535347_A_G,Systemic lupus erythematosus (MTAG),PICS,gencord_exon_t-cell_ensg00000132155_14_3_12582116_12583600,ENSG00000132155,GENCORD,23755361
2b6b89d73341289deec9462948535454,b3d88d8ef5ddf958b0c8a254cab03924,eqtl,3,COLOC_PIP_ECAVIAR,1,0.08005553820949174,0.9199444617905075,0.010792738975674742,-1.0,GCST003156,3_129365738_A_G,Systemic lupus erythematosus,SuSiE-inf,gtex_tx_brain_cortex_enst00000690862,ENSG00000163913,GTEx,32913098
b554d4e1db7d72a58f99fbdfb213eac2,d2b263e9657363b4359d1d9120adb2a3,eqtl,3,COLOC_PIP_ECAVIAR,57,0.06983065737027219,0.9301693426297281,0.011937639320598492,-1.0,GCST003155,3_160011200_C_T,Systemic lupus erythematosus,PICS,twinsuk_exon_lcl_ensg00000168811_7_3_159993568_159993609,ENSG00000168811,TwinsUK,25436857
01ea726d9574c4b8f4e44d1d0906a740,d2b263e9657363b4359d1d9120adb2a3,eqtl,3,COLOC_PIP_ECAVIAR,57,0.0687890716057344,0.9312109283942659,0.012103633338251958,1.0,GCST005752,3_160011272_G_A,Systemic lupus erythematosus,PICS,twinsuk_exon_lcl_ensg00000168811_7_3_159993568_159993609,ENSG00000168811,TwinsUK,25436857
8bf49a10908ef9fe2252233f07e96f43,d2b263e9657363b4359d1d9120adb2a3,eqtl,3,COLOC_PIP_ECAVIAR,53,0.0596113934112003,0.9403886065888002,0.01405006729708268,-1.0,GCST90270940,3_160028076_T_C,Systemic lupus erythematosus (MTAG),PICS,twinsuk_exon_lcl_ensg00000168811_7_3_159993568_159993609,ENSG00000168811,TwinsUK,25436857
0c4a1cb358a4af375021edf001df5b21,70176d326a30c94e702b3193d0d985c8,eqtl,3,COLOC_PIP_ECAVIAR,18,0.01766048854442025,0.9823395114555793,0.048185024652539,-1.0,GCST011956,3_169779797_A_G,Systemic lupus erythematosus,PICS,gtex_exon_testis_ensg00000085274_16_3_169779289_169779561,ENSG00000085274,GTEx,32913098
9443ca9f40d74ba165e9bea27d610656,19563151609119e018b1405549df0e97,eqtl,3,COLOC_PIP_ECAVIAR,3,0.0016943046314957355,0.9983056953685046,0.3410862184294846,1.0,GCST003622,3_188752450_C_T,Systemic lupus erythematosus,PICS,gtex_exon_testis_ensg00000145012_14_3_188746488_188746614,ENSG00000145012,GTEx,32913098
051d8e6fb7743e360a0c0c5436333e77,2b8595ca0320ef6487dbea1868a11e48,eqtl,3,COLOC_PIP_ECAVIAR,15,0.01642280640379418,0.9835771935962053,0.05117847863303332,,GCST011956,3_28030595_T_C,Systemic lupus erythematosus,PICS,geuvadis_exon_lcl_ensg00000272282_1_3_27712910_27714005,ENSG00000272282,GEUVADIS,24037378
b630737463618cc47f664399f17ad979,2b8595ca0320ef6487dbea1868a11e48,eqtl,3,COLOC_PIP_ECAVIAR,14,0.015109748595093963,0.9848902514049055,0.057351863318768584,-1.0,GCST90270940,3_28034494_T_C,Systemic lupus erythematosus (MTAG),PICS,geuvadis_exon_lcl_ensg00000272282_1_3_27712910_27714005,ENSG00000272282,GEUVADIS,24037378
c82cf1c8fe34c81fd4e0013e6170988e,eeb5d480c311945306c48b8ee52b1eb5,eqtl,3,COLOC_PIP_ECAVIAR,10,0.053608601087240394,0.946391398912759,0.01569413657469976,-1.0,GCST90270940,3_58384450_G_T,Systemic lupus erythematosus (MTAG),PICS,gtex_exon_artery_aorta_ensg00000272182_1_3_58428255_58428815,ENSG00000272182,GTEx,32913098
0b905c287b455a85e324a74db43d9601,4dd1120b027d563d5334adf1b2a4476c,eqtl,3,COLOC_PIP_ECAVIAR,143,0.17297174625465062,0.8270282537453478,0.004306826056676276,,GCST003155,3_58484624_C_T,Systemic lupus erythematosus,PICS,blueprint_ge_neutrophil_ensg00000168297,ENSG00000168297,BLUEPRINT,27863251
ae205d92aaeb7b582cd3e27149b03822,c72c0ba7ea89426ed04945474cf4b4a2,eqtl,4,COLOC_PIP_ECAVIAR,19,0.01272107784968239,0.9872789221503177,0.06508810878884846,1.0,GCST90270940,4_101816093_G_A,Systemic lupus erythematosus (MTAG),PICS,twinsuk_exon_fat_ensg00000153064_12_4_101829808_101830206,ENSG00000153064,TwinsUK,25436857
5209793a21377cc10d86f2b898331975,c72c0ba7ea89426ed04945474cf4b4a2,eqtl,4,COLOC_PIP_ECAVIAR,21,0.019192277255851663,0.9808077227441474,0.04393352922011966,1.0,GCST003156,4_101822530_C_T,Systemic lupus erythematosus,PICS,twinsuk_exon_fat_ensg00000153064_12_4_101829808_101830206,ENSG00000153064,TwinsUK,25436857
b3d35eaa58f0d6ce6ee765c5487939ba,129e74ff4b79c64657d00470dff57f89,eqtl,4,COLOC_PIP_ECAVIAR,10,0.02027583894182589,0.9797241610581738,0.04262602154674412,-1.0,GCST90011866,4_101829919_G_A,Systemic lupus erythematosus,SuSiE-inf,cap_tx_lcl_naive_enst00000428908,ENSG00000153064,CAP,32787775
a049ebfae72d132806998efc521f672b,129e74ff4b79c64657d00470dff57f89,eqtl,4,COLOC_PIP_ECAVIAR,15,0.026750985015817116,0.9732490149841836,0.03229807508090855,1.0,GCST005752,4_101832251_A_G,Systemic lupus erythematosus,PICS,cap_tx_lcl_naive_enst00000428908,ENSG00000153064,CAP,32787775
2386be6469bf14c51a95fa5ad028ed40,c72c0ba7ea89426ed04945474cf4b4a2,eqtl,4,COLOC_PIP_ECAVIAR,10,0.023383800357992326,0.9766161996420072,0.03771595457811229,1.0,GCST011956,4_101834942_C_T,Systemic lupus erythematosus,PICS,twinsuk_exon_fat_ensg00000153064_12_4_101829808_101830206,ENSG00000153064,TwinsUK,25436857
62f5c1857b0a1dc813e732cd2536a7df,ab3eeba2e379c532729c0557f6cabc04,eqtl,4,COLOC_PIP_ECAVIAR,72,0.09549260966003792,0.9045073903399627,0.00849934584448286,-1.0,GCST90270940,4_102636062_C_T,Systemic lupus erythematosus (MTAG),PICS,bossini-castillo_2019_ge_treg_naive_ensg00000109323,ENSG00000109323,Bossini-Castillo_2019,35591976
1c6263dee8eb4267d0c99a5a9043b71d,f318b11d4c69d2f88f9d111eacef7691,eqtl,4,COLOC_PIP_ECAVIAR,18,0.10149018447411107,0.8985098155258893,0.007967887390863584,-1.0,GCST90270940,4_10719809_C_T,Systemic lupus erythematosus (MTAG),PICS,schmiedel_2018_exon_treg_memory_ensg00000109684_16_4_10525841_10525922,ENSG00000109684,Schmiedel_2018,30449622
12e3c23125e86638e0eabbc7cd53e653,39a965fe0c1afe69e861f5af34535174,eqtl,4,COLOC_PIP_ECAVIAR,33,0.11165091474603799,0.8883490852539636,0.00712634911361191,-1.0,GCST011956,4_108125804_G_A,Systemic lupus erythematosus,PICS,gtex_exon_brain_caudate_ensg00000155016_18_4_107938038_107938176,ENSG00000155016,GTEx,32913098
52677e51c6764193606b1334a27bc228,b82240a87487a4f8bf6f002184d17cb5,eqtl,4,COLOC_PIP_ECAVIAR,17,0.18001665240264592,0.8199833475973554,0.004100804014133572,,GCST011956,4_2699117_T_C,Systemic lupus erythematosus,PICS,gtex_exon_esophagus_mucosa_ensg00000168884_15_4_2744507_2744696,ENSG00000168884,GTEx,32913098
cf329532e1f036f58ea37092e4300d5f,17d914e6dd3a1091e58f9df3697ed25f,eqtl,4,COLOC_PIP_ECAVIAR,13,0.07243864683455119,0.927561353165448,0.011410386795204711,-1.0,GCST011956,4_78723125_A_G,Systemic lupus erythematosus,PICS,gtex_ge_nerve_tibial_ensg00000138756,ENSG00000138756,GTEx,32913098
3534640ff4f0847c62f6d9193d7db92e,544529cdb870c13cbd81dde50a855b80,sceqtl,4,COLOC_PIP_ECAVIAR,20,0.049091052856898736,0.950908947143102,0.017156591863177563,1.0,GCST011956,4_83221591_G_A,Systemic lupus erythematosus,PICS,cytoimmgen_ge_tn_ifn_stim_40h_ensg00000145287,ENSG00000145287,Cytoimmgen,35618845
b1e092af4fe567edebf36109561885e7,16069ed074637490307ce356f6f89977,eqtl,4,COLOC_PIP_ECAVIAR,6,0.007206213832738398,0.9927937861672615,0.10948898904185358,-1.0,GCST005754,4_8556539_C_T,Systemic lupus erythematosus,PICS,gtex_ge_esophagus_mucosa_ensg00000155269,ENSG00000155269,GTEx,32913098
9f136fb433c82da72e734a4591a06669,af2e7de8c3d63813bdad9e60ccc15ef6,sceqtl,4,COLOC_PIP_ECAVIAR,58,0.10983589391403488,0.8901641060859654,0.0072817896926069174,1.0,GCST011956,4_86983536_TAAAA_T,Systemic lupus erythematosus,PICS,onek1k_ge_b_naive_ensg00000172493,ENSG00000172493,OneK1K,35389779
c01b19940904131542386d8ef59d78be,73985bbec35e229a00521293ec93287f,eqtl,4,COLOC_PIP_ECAVIAR,25,0.1586300696644815,0.8413699303355168,0.004796865028406932,,GCST001384,4_87037243_G_A,Systemic lupus erythematosus,PICS,fusion_ge_muscle_naive_ensg00000284968,ENSG00000284968,FUSION,31076557
ad48fcd8898a6f89b6e6887ee1d6567b,7f21ac4b24358e1fced7949b83e02b24,eqtl,4,COLOC_PIP_ECAVIAR,5,0.05133456388591247,0.9486654361140867,0.01646993131414266,,GCST005752,4_960459_G_T,Systemic lupus erythematosus,PICS,alasoo_2018_exon_macrophage_salmonella_ensg00000145214_14_4_967129_967175,ENSG00000145214,Alasoo_2018,29379200
2889006a56bf51ca4867ed502931ff84,7f21ac4b24358e1fced7949b83e02b24,eqtl,4,COLOC_PIP_ECAVIAR,8,0.020854416478219187,0.9791455835217812,0.04166708700655177,,GCST011956,4_971932_A_G,Systemic lupus erythematosus,PICS,alasoo_2018_exon_macrophage_salmonella_ensg00000145214_14_4_967129_967175,ENSG00000145214,Alasoo_2018,29379200
c03e7b0b58995216f23e5f159fdc0d40,7f21ac4b24358e1fced7949b83e02b24,eqtl,4,COLOC_PIP_ECAVIAR,5,0.052499808068876185,0.9475001919311241,0.016130479548197383,,GCST90270940,4_971991_G_A,Systemic lupus erythematosus (MTAG),PICS,alasoo_2018_exon_macrophage_salmonella_ensg00000145214_14_4_967129_967175,ENSG00000145214,Alasoo_2018,29379200
65c341d10c9ea1a4934057215f14b86a,b5b8a03455ef86d03971a3ce80ef02a3,eqtl,5,COLOC_PIP_ECAVIAR,81,0.1818087840632172,0.8181912159367843,0.004046637961579697,1.0,GCST90270940,5_100793209_T_C,Systemic lupus erythematosus (MTAG),PICS,fairfax_2014_microarray_monocyte_naive_ilmn_2253732,ENSG00000113532,Fairfax_2014,24604202
03b7c00d6daa221412c30452cff08aee,6e6e3b57ec56829176c53b775b1999b9,eqtl,5,COLOC_PIP_ECAVIAR,125,0.13264216656161948,0.8673578334383815,0.005865143716875228,,GCST005752,5_100800161_G_C,Systemic lupus erythematosus,PICS,gilchrist_2021_microarray_nk-cell_naive_ilmn_2253732,ENSG00000113532,Gilchrist_2021,35835762
9996f4083aa3f7158a9b5a1c49c1fe9e,011e3848bcb44acb3a4a62c87798d1ce,eqtl,5,COLOC_PIP_ECAVIAR,76,0.16383456424007434,0.8361654357599251,0.004590574785154005,,GCST011956,5_100805670_A_T,Systemic lupus erythematosus,PICS,alasoo_2018_ge_macrophage_naive_ensg00000113532,ENSG00000113532,Alasoo_2018,29379200
21b627eb73c7c22b437750b168c35547,011e3848bcb44acb3a4a62c87798d1ce,eqtl,5,COLOC_PIP_ECAVIAR,96,0.17386845097215786,0.8261315490278407,0.004268945106871865,1.0,GCST011096,5_100836660_A_G,Systemic lupus erythematosus,PICS,alasoo_2018_ge_macrophage_naive_ensg00000113532,ENSG00000113532,Alasoo_2018,29379200
623bb7c88fa950ccdebb6c801918b081,8ee8ed959e5f91b1d1bf5e25c2ccb7e7,eqtl,5,COLOC_PIP_ECAVIAR,34,0.037078907474128335,0.9629210925258708,0.022911132078655715,1.0,GCST90270940,5_103265053_G_A,Systemic lupus erythematosus (MTAG),PICS,gencord_ge_t-cell_ensg00000181751,ENSG00000181751,GENCORD,23755361
7bdaea3e11c5f25a4b690f385c5b575a,b94474debb9ee38b017a603be8f7ebbd,eqtl,5,COLOC_PIP_ECAVIAR,38,0.05512452222225745,0.9448754777777432,0.015277068264756269,-1.0,GCST011956,5_132493886_C_A,Systemic lupus erythematosus,PICS,blueprint_tx_t-cell_enst00000459982,ENSG00000125347,BLUEPRINT,27863251
44c150d9374343f097c403c049ae1ad3,24aaddbee5549450b2592666c6ef5706,eqtl,5,COLOC_PIP_ECAVIAR,6,0.14997733492049076,0.8500226650795082,0.0053417226819770704,-1.0,GCST003156,5_134092910_C_T,Systemic lupus erythematosus,SuSiE-inf,kasela_2017_microarray_t-cell_cd4_ilmn_3229770,ENSG00000113558,Kasela_2017,28248954
048dd9d74431662d3d2ea4805d42771b,24aaddbee5549450b2592666c6ef5706,eqtl,5,COLOC_PIP_ECAVIAR,5,0.12436817553138325,0.875631824468615,0.006505164227394101,,GCST011956,5_134093501_G_C,Systemic lupus erythematosus,PICS,kasela_2017_microarray_t-cell_cd4_ilmn_3229770,ENSG00000113558,Kasela_2017,28248954
e07f4a31cc693ef2b6fe2d3110d194ea,24aaddbee5549450b2592666c6ef5706,eqtl,5,COLOC_PIP_ECAVIAR,9,0.12506431279456934,0.8749356872054315,0.006567192990062063,-1.0,GCST003155,5_134096143_C_T,Systemic lupus erythematosus,PICS,kasela_2017_microarray_t-cell_cd4_ilmn_3229770,ENSG00000113558,Kasela_2017,28248954
954b5490a0745fbc2afbb091b48f338f,335f47d77b815dcb2b307853ee4aceec,eqtl,5,COLOC_PIP_ECAVIAR,5,0.022805784780777265,0.9771942152192225,0.0372295429197537,-1.0,GCST90270940,5_151060536_G_A,Systemic lupus erythematosus (MTAG),PICS,commonmind_exon_dlpfc_naive_ensg00000145907_16_5_151811010_151811040,ENSG00000145907,CommonMind,31551426
b9a214b5a104efbecee97f34630c3b0c,97ae60f87d756ef50992cb736a075030,eqtl,5,COLOC_PIP_ECAVIAR,4,0.0033027858252493397,0.9966972141747503,0.21105591794257034,-1.0,GCST011096,5_151077924_G_C,Systemic lupus erythematosus,PICS,alasoo_2018_exon_macrophage_salmonella_ensg00000070808_17_5_150273065_150273159,ENSG00000070808,Alasoo_2018,29379200
c53355344531856cb814bf4d8a8dec75,97ae60f87d756ef50992cb736a075030,eqtl,5,COLOC_PIP_ECAVIAR,3,0.002689962291115861,0.9973100377088836,0.25055220901834135,-1.0,GCST003156,5_151078210_T_C,Systemic lupus erythematosus,SuSiE-inf,alasoo_2018_exon_macrophage_salmonella_ensg00000070808_17_5_150273065_150273159,ENSG00000070808,Alasoo_2018,29379200
8cc97ee73e67a2c2b63deea017588767,97ae60f87d756ef50992cb736a075030,eqtl,5,COLOC_PIP_ECAVIAR,4,0.002745066364689086,0.9972549336353106,0.253156150923016,-1.0,GCST003155,5_151078585_C_T,Systemic lupus erythematosus,PICS,alasoo_2018_exon_macrophage_salmonella_ensg00000070808_17_5_150273065_150273159,ENSG00000070808,Alasoo_2018,29379200
b4c499fa8fe1a38dafc36f3607932851,97ae60f87d756ef50992cb736a075030,eqtl,5,COLOC_PIP_ECAVIAR,4,0.0035261264682546426,0.9964738735317454,0.20629320009291877,-1.0,GCST90480453,5_151081488_A_G,Systemic lupus erythematosus (PheCode 695.42),PICS,alasoo_2018_exon_macrophage_salmonella_ensg00000070808_17_5_150273065_150273159,ENSG00000070808,Alasoo_2018,29379200
ed95d9738b5dfbbd67ff7c635aa762e9,ffa92239cd929c5b54a6f3467036eb77,eqtl,5,COLOC_PIP_ECAVIAR,1,0.003910321019016409,0.9960896789809838,0.18413883906718548,-1.0,GCST90011866,5_151107634_A_T,Systemic lupus erythematosus,SuSiE-inf,schmiedel_2018_exon_cd8_t-cell_naive_ensg00000197043_14_5_151110627_151110644,ENSG00000197043,Schmiedel_2018,30449622
c899e94b1264300c650734ee043469cc,6364cff6895e3a78d0da7191724f5d62,eqtl,5,COLOC_PIP_ECAVIAR,1,0.00048071248197837887,0.9995192875180215,0.6246433258216008,-1.0,GCST90270940,5_160452971_T_C,Systemic lupus erythematosus (MTAG),PICS,fairfax_2014_microarray_monocyte_ifn24_ilmn_1882512,ENSG00000253522,Fairfax_2014,24604202
2d58e4cf6eedf8d2fe40fe25e5fe0936,949bf383d2e23a34ce2fdd4a7bbfa56f,eqtl,5,COLOC_PIP_ECAVIAR,5,0.033030904433658984,0.9669690955663408,0.026440582060647554,,GCST005752,5_160460329_A_G,Systemic lupus erythematosus,PICS,fairfax_2014_microarray_monocyte_lps2_ilmn_1882512,ENSG00000253522,Fairfax_2014,24604202
e5f256cc20aa957ab648617b520048ba,164af9382b870b71be1d8446ba4d0dbb,eqtl,5,COLOC_PIP_ECAVIAR,13,0.013922268525599718,0.9860777314744007,0.059719612561396046,1.0,GCST90270940,5_35874473_C_T,Systemic lupus erythematosus (MTAG),PICS,alasoo_2018_tx_macrophage_naive_enst00000505093,ENSG00000168685,Alasoo_2018,29379200
29339d40b925e0b1e5d6b9c1fe206212,ee33ed9d7e72cf91dac766c8358fe082,eqtl,6,COLOC_PIP_ECAVIAR,2,0.0013837699592695147,0.9986162300407296,0.3789126153279793,-1.0,GCST011956,6_116369686_C_T,Systemic lupus erythematosus,PICS,gtex_tx_nerve_tibial_enst00000449314,ENSG00000111817,GTEx,32913098
d809931315b2d6e41a87e4878d031cd0,709e71947561338758c68fd9ed94f077,eqtl,6,COLOC_PIP_ECAVIAR,22,0.020292144477453707,0.9797078555225467,0.0415827726592507,-1.0,GCST90270940,6_135685163_G_A,Systemic lupus erythematosus (MTAG),PICS,gtex_exon_brain_caudate_ensg00000135541_22_6_135438375_135438498,ENSG00000135541,GTEx,32913098
5a01930f92e4150dcad81fd6aec3bdcf,c8fa4e80cd8e02ceb8f31b474dfafc79,eqtl,6,COLOC_PIP_ECAVIAR,2,0.031747694291004554,0.9682523057089952,0.028115943317932674,-1.0,GCST90011866,6_137824415_G_T,Systemic lupus erythematosus,SuSiE-inf,gtex_exon_nerve_tibial_ensg00000118503_16_6_137867519_137867542,ENSG00000118503,GTEx,32913098
d871f2ab7566e888ebd5bc68a7346501,45fdbe8c65e64656696356f0c819f3ea,sceqtl,6,COLOC_PIP_ECAVIAR,4,0.013905342821729526,0.9860946571782706,0.06064460288466608,1.0,GCST90011866,6_137864744_C_T,Systemic lupus erythematosus,SuSiE-inf,onek1k_ge_nk_ensg00000118503,ENSG00000118503,OneK1K,35389779
1fa4108e6c9f59e335f6ae5c5861af01,e36b31b2e3f73d6737b0f963aac2bd7c,eqtl,6,COLOC_PIP_ECAVIAR,4,0.007445265638777404,0.992554734361223,0.10623736784443313,-1.0,GCST90270940,6_14096427_T_C,Systemic lupus erythematosus (MTAG),PICS,fairfax_2012_microarray_b-cell_cd19_ilmn_1780582,ENSG00000112149,Fairfax_2012,22446964
9c272de080b6b896edc6d5aadb868554,39186b3b4aad60cb9a95eb63d897d295,eqtl,6,COLOC_PIP_ECAVIAR,5,0.025918463270437248,0.9740815367295628,0.0330798085245402,,GCST90270940,6_25080620_C_A,Systemic lupus erythematosus (MTAG),PICS,gtex_exon_brain_hippocampus_ensg00000272462_4_6_25992641_25992659,ENSG00000272462,GTEx,32913098
c8753fa1e42ad690a793f83b98d4172d,cec8825fdde9a84fda05df858f172ed0,eqtl,6,COLOC_PIP_ECAVIAR,9,0.03141899438031788,0.9685810056196827,0.027295496173266875,1.0,GCST90011866,6_254283_A_G,Systemic lupus erythematosus,SuSiE-inf,fusion_ge_adipose_naive_ensg00000287265,ENSG00000287265,FUSION,31076557
647f51d03c23042638c416862c146f94,beb45e39f7208d1404ea94830abcdfa7,eqtl,6,COLOC_PIP_ECAVIAR,5,0.0464764868343812,0.9535235131656181,0.01829010571186131,,GCST90270940,6_256281_T_C,Systemic lupus erythematosus (MTAG),PICS,quach_2016_exon_monocyte_iav_ensg00000287265_1_6_291168_292013,ENSG00000287265,Quach_2016,27768888
73b43f3021513dd0a9e2e909e77f804c,4231342f3039ca4dc4f50d4eb8946d6c,eqtl,6,COLOC_PIP_ECAVIAR,1,0.08273703634694118,0.9172629636530586,0.0104166771083418,1.0,GCST90011866,6_34724697_C_CT,Systemic lupus erythematosus,SuSiE-inf,cedar_microarray_monocyte_cd14_ilmn_3242462,ENSG00000065060,CEDAR,29930244
35828c5884e8963f2f92849b6cab6303,64309e4cb34e5715393c37682fa56027,eqtl,6,COLOC_PIP_ECAVIAR,82,0.1789619736865718,0.821038026313429,0.004123941575696344,-1.0,GCST90270940,6_34752016_C_T,Systemic lupus erythematosus (MTAG),PICS,cap_tx_lcl_naive_enst00000374017,ENSG00000124562,CAP,32787775
8b6830256a453e02b42e5a024ebc93f9,8995bcf7cc2fb4acac640433e762cb11,eqtl,6,COLOC_PIP_ECAVIAR,142,0.12900200398607384,0.8709979960139254,0.006057452755632956,-1.0,GCST003155,6_34829464_G_A,Systemic lupus erythematosus,PICS,brainseq_ge_brain_ensg00000124562,ENSG00000124562,BrainSeq,30050107
41d8546ff640b251ef71f7b64fc8c4f8,1145582fa8c1e3a392d22acaa2e2540d,eqtl,6,COLOC_PIP_ECAVIAR,112,0.17586638974267813,0.8241336102573208,0.004211824832279195,-1.0,GCST005752,6_34844924_T_G,Systemic lupus erythematosus,PICS,rosmap_ge_brain_naive_ensg00000272288,ENSG00000272288,ROSMAP,28869584
104ae2fda7c22ee756ba19a22e3539c2,e560d4b3f38934d34bed53810367fcc0,eqtl,6,COLOC_PIP_ECAVIAR,123,0.1342141459021643,0.8657858540978357,0.00578667941542276,,GCST90020042,6_34855410_T_C,Systemic lupus erythematosus,PICS,gtex_exon_muscle_ensg00000064995_19_6_34888081_34889192,ENSG00000064995,GTEx,32913098
9a96c1544f6b71e06a9c5dfae9c81947,64309e4cb34e5715393c37682fa56027,eqtl,6,COLOC_PIP_ECAVIAR,96,0.1892627774581198,0.8107372225418787,0.003855501322484771,,GCST011493,6_34856859_A_G,Systemic lupus erythematosus,PICS,cap_tx_lcl_naive_enst00000374017,ENSG00000124562,CAP,32787775
1eb89ce07933c38e4b4dc99a9156aad5,8995bcf7cc2fb4acac640433e762cb11,eqtl,6,COLOC_PIP_ECAVIAR,13,0.14375353943257044,0.8562464605674309,0.005350740545115768,-1.0,GCST011956,6_34860776_T_C,Systemic lupus erythematosus,PICS,brainseq_ge_brain_ensg00000124562,ENSG00000124562,BrainSeq,30050107
12dc0545b8cd1c429421f2c6a45390a0,04c1523cbd38a251296e99f5a7e0b46f,eqtl,6,COLOC_PIP_ECAVIAR,3,0.019943137985472047,0.9800568620145278,0.042279454346042106,-1.0,GCST011096,6_35008725_CAT_C,Systemic lupus erythematosus,PICS,gtex_exon_esophagus_muscularis_ensg00000064995_19_6_34878149_34878338,ENSG00000064995,GTEx,32913098
e0ecbfc22c27a581d4c2b7709a4ea697,3d5a69f8677f6f74993e8cc3086e76a6,eqtl,6,COLOC_PIP_ECAVIAR,37,0.1834409100772317,0.816559089922768,0.004005568026475272,,GCST011493,6_35359578_T_C,Systemic lupus erythematosus,PICS,peng_2018_ge_placenta_naive_ensg00000065029,ENSG00000065029,Peng_2018,30596636
5da1b6563e6731f24937fe0090019e25,4747f6fe96e686e6f685a6278341c5f2,eqtl,6,COLOC_PIP_ECAVIAR,53,0.13841801946266852,0.8615819805373314,0.0055829069035995636,1.0,GCST90270940,6_36394664_A_C,Systemic lupus erythematosus (MTAG),PICS,rosmap_exon_brain_naive_ensg00000010030_14_6_36387567_36387616,ENSG00000010030,ROSMAP,28869584
dcb3bc2d1311fdb4ae8c93b2be4c3466,b2c16d841c7cff1290ee023922cee822,eqtl,6,COLOC_PIP_ECAVIAR,5,0.00976313153068794,0.9902368684693112,0.08416643538559995,-1.0,GCST011956,6_36747254_C_CA,Systemic lupus erythematosus,PICS,rosmap_tx_brain_naive_enst00000634222,ENSG00000124772,ROSMAP,28869584
e4177d1ac103e2973bb258825f391c94,57d8179f1dabf593f9a8a603f510d43f,eqtl,6,COLOC_PIP_ECAVIAR,1,0.1454117807195948,0.8545882192804058,0.0053537304906379314,,GCST90270940,6_90170674_G_A,Systemic lupus erythematosus (MTAG),PICS,blueprint_exon_t-cell_ensg00000112182_15_6_90089066_90089109,ENSG00000112182,BLUEPRINT,27863251
bdf4261ad20f630da280958db7dcbf63,aac59cadd0f59b18622471f63455c113,sceqtl,6,COLOC_PIP_ECAVIAR,8,0.13166689907500262,0.868333100924999,0.005967304655561424,,GCST011956,6_90292775_A_G,Systemic lupus erythematosus,PICS,onek1k_ge_cd4_tcm_ensg00000112182,ENSG00000112182,OneK1K,35389779
558f35aa5f3f5488514addd307ab9a0e,ef8c3bd732f359249047dc7f2cf0101a,eqtl,7,COLOC_PIP_ECAVIAR,10,0.009624842882337455,0.9903751571176621,0.08582267036109939,,GCST001795,7_128928906_A_C,Systemic lupus erythematosus,PICS,twinsuk_exon_skin_ensg00000128604_20_7_128940838_128940875,ENSG00000128604,TwinsUK,25436857
c9ca383edb034559feff2031618ea7fa,d647e09b23cc4969496171f74461b655,eqtl,7,COLOC_PIP_ECAVIAR,1,0.06241055045507121,0.9375894495449293,0.014060554702706762,-1.0,GCST003156,7_128932712_G_A,Systemic lupus erythematosus,SuSiE-inf,commonmind_exon_dlpfc_naive_ensg00000128604_20_7_128940206_128940463,ENSG00000128604,CommonMind,31551426
205e9d79ab66a15974905f6f1b827755,59f423e07588cba9d8264d4bba4c0e25,eqtl,7,COLOC_PIP_ECAVIAR,4,0.0017009876693302346,0.9982990123306701,0.35010643867123126,1.0,GCST000507,7_128933913_G_A,Systemic lupus erythematosus,PICS,blueprint_exon_neutrophil_ensg00000128604_20_7_128946501_128946540,ENSG00000128604,BLUEPRINT,27863251
b8eaf46eb8f31c8e8890c18e3404bfcb,59f423e07588cba9d8264d4bba4c0e25,eqtl,7,COLOC_PIP_ECAVIAR,3,0.006858369934371915,0.9931416300656276,0.11894474201619565,1.0,GCST011956,7_128936032_T_C,Systemic lupus erythematosus,PICS,blueprint_exon_neutrophil_ensg00000128604_20_7_128946501_128946540,ENSG00000128604,BLUEPRINT,27863251
9d8169d23b537f55d8398c9f590bef63,e22cfc5acd11e7f31d597622c94c8ad4,eqtl,7,COLOC_PIP_ECAVIAR,1,0.01045349257213371,0.9895465074278655,0.08215205640877339,1.0,GCST90011866,7_128937563_T_C,Systemic lupus erythematosus,SuSiE-inf,schmiedel_2018_exon_monocyte_naive_ensg00000128604_20_7_128947023_128947056,ENSG00000128604,Schmiedel_2018,30449622
ae475ae77b6f94c789cfe7a7a2fcb769,9d6684536e57ca1e7d349c0ccaa255d7,eqtl,7,COLOC_PIP_ECAVIAR,1,0.0,1.0,0.95000001,1.0,GCST90011866,7_128938247_T_G,Systemic lupus erythematosus,SuSiE-inf,gtex_exon_blood_ensg00000128604_20_7_128938217_128938245,ENSG00000128604,GTEx,32913098
a76aec49823bab67788c82ab04c0f2b7,59f423e07588cba9d8264d4bba4c0e25,eqtl,7,COLOC_PIP_ECAVIAR,1,0.034099960826653064,0.9659000391733465,0.02615482526068249,1.0,GCST90011866,7_128939988_A_G,Systemic lupus erythematosus,SuSiE-inf,blueprint_exon_neutrophil_ensg00000128604_20_7_128946501_128946540,ENSG00000128604,BLUEPRINT,27863251
2fcfce991543beb0cef17dcf49408d46,0a5e1b3572abfd2113356db435577e86,eqtl,7,COLOC_PIP_ECAVIAR,31,0.0993752077226892,0.9006247922773105,0.008114467870839233,1.0,GCST003622,7_128945562_C_T,Systemic lupus erythematosus,PICS,alasoo_2018_tx_macrophage_naive_enst00000465603,ENSG00000128604,Alasoo_2018,29379200
aeeea1b6c847a8eed46ea5e2af1b307f,0a5e1b3572abfd2113356db435577e86,eqtl,7,COLOC_PIP_ECAVIAR,34,0.09932033828936736,0.900679661710632,0.008160147889202765,1.0,GCST004867,7_128948946_T_C,Systemic lupus erythematosus,PICS,alasoo_2018_tx_macrophage_naive_enst00000465603,ENSG00000128604,Alasoo_2018,29379200
3c9aa4334f0c8dade98795b0f86a1772,0a5e1b3572abfd2113356db435577e86,eqtl,7,COLOC_PIP_ECAVIAR,38,0.09777251193143391,0.9022274880685672,0.008286881942069085,1.0,GCST002463,7_128954129_T_C,Systemic lupus erythematosus,PICS,alasoo_2018_tx_macrophage_naive_enst00000465603,ENSG00000128604,Alasoo_2018,29379200
d856edea3d223b0f3ee1e26f439dd24a,0a5e1b3572abfd2113356db435577e86,eqtl,7,COLOC_PIP_ECAVIAR,30,0.10142590047268282,0.8985740995273162,0.008001001026654023,1.0,GCST003252,7_128956751_C_T,Systemic lupus erythematosus,PICS,alasoo_2018_tx_macrophage_naive_enst00000465603,ENSG00000128604,Alasoo_2018,29379200
e4a445113460dd7968dde6836c90edb6,0a5e1b3572abfd2113356db435577e86,eqtl,7,COLOC_PIP_ECAVIAR,30,0.10021890553282155,0.8997810944671798,0.008088626579018685,1.0,GCST007400,7_128976528_C_T,Systemic lupus erythematosus,PICS,alasoo_2018_tx_macrophage_naive_enst00000465603,ENSG00000128604,Alasoo_2018,29379200
707203d06ecd878562007c15d2c453e1,0a5e1b3572abfd2113356db435577e86,eqtl,7,COLOC_PIP_ECAVIAR,38,0.0977277729154864,0.9022722270845133,0.008261492840115191,-1.0,GCST001708,7_128977412_A_G,Systemic lupus erythematosus,PICS,alasoo_2018_tx_macrophage_naive_enst00000465603,ENSG00000128604,Alasoo_2018,29379200
6058ab330ea61fbc4a3ed3ff285e522a,0a5e1b3572abfd2113356db435577e86,eqtl,7,COLOC_PIP_ECAVIAR,36,0.09858948223664687,0.9014105177633541,0.008177959354146627,1.0,GCST90480453,7_129047886_A_G,Systemic lupus erythematosus (PheCode 695.42),PICS,alasoo_2018_tx_macrophage_naive_enst00000465603,ENSG00000128604,Alasoo_2018,29379200
bc80cb92bb1de21fa363d0b44ca7b929,0a5e1b3572abfd2113356db435577e86,eqtl,7,COLOC_PIP_ECAVIAR,38,0.09690957577312505,0.903090424226874,0.008361220566613365,1.0,GCST90103801,7_129055929_C_A,Systemic lupus erythematosus,PICS,alasoo_2018_tx_macrophage_naive_enst00000465603,ENSG00000128604,Alasoo_2018,29379200
6c4fa16a8c4bb3ca89246bdfe644053d,0a5e1b3572abfd2113356db435577e86,eqtl,7,COLOC_PIP_ECAVIAR,25,0.15289720380646027,0.8471027961935402,0.0049987215912242,1.0,GCST000142,7_129077852_G_A,Systemic lupus erythematosus,PICS,alasoo_2018_tx_macrophage_naive_enst00000465603,ENSG00000128604,Alasoo_2018,29379200
223250bfc0ac400d7a34e61f569c06bd,0a5e1b3572abfd2113356db435577e86,eqtl,7,COLOC_PIP_ECAVIAR,1,0.14701030978211144,0.8529896902178878,0.005480333640116895,1.0,GCST90476183,7_129081743_T_G,Systemic lupus erythematosus (PheCode 695.42),SuSiE-inf,alasoo_2018_tx_macrophage_naive_enst00000465603,ENSG00000128604,Alasoo_2018,29379200
6343d9e5eafc3e7ac748136d1e6f27ec,8d81a3897ddcf7c28cb3b1cfc7ec4736,eqtl,7,COLOC_PIP_ECAVIAR,1,0.008552485320343922,0.9914475146796555,0.09851749109370152,-1.0,GCST90476183,7_129082460_T_G,Systemic lupus erythematosus (PheCode 695.42),SuSiE-inf,twinsuk_ge_blood_ensg00000064419,ENSG00000064419,TwinsUK,25436857
9deab000a2824e807c1aa4f15d6be8a6,9c4b1e564e6ca2a4b54625687b3b40fd,eqtl,7,COLOC_PIP_ECAVIAR,9,0.027783746563303943,0.9722162534366964,0.03108040754935578,,GCST005752,7_28133113_C_T,Systemic lupus erythematosus,PICS,geuvadis_ge_lcl_ensg00000153814,ENSG00000153814,GEUVADIS,24037378
e362405ad69e0581437335faf919bee8,9c4b1e564e6ca2a4b54625687b3b40fd,eqtl,7,COLOC_PIP_ECAVIAR,9,0.02066040369063581,0.9793395963093646,0.04143321799666168,,GCST004867,7_28146272_T_C,Systemic lupus erythematosus,PICS,geuvadis_ge_lcl_ensg00000153814,ENSG00000153814,GEUVADIS,24037378
f056b804f7cad396264ead5ac4d22378,300757282910d40d9d6b2eddc5f272f3,eqtl,7,COLOC_PIP_ECAVIAR,29,0.10127937427787598,0.8987206257221246,0.007963376694931624,,GCST011956,7_74193612_GT_G,Systemic lupus erythematosus,PICS,fairfax_2014_microarray_monocyte_naive_ilmn_2352190,ENSG00000106665,Fairfax_2014,24604202
e39f6ef99141b5892b3439d870ca219f,89c07d2e896931c8ca509d2ad51cb6ab,eqtl,7,COLOC_PIP_ECAVIAR,6,0.007411885714987422,0.992588114285013,0.10944386190417829,1.0,GCST003622,7_74526648_T_C,Systemic lupus erythematosus,PICS,gtex_exon_brain_nucleus_accumbens_ensg00000263001_8_7_74733596_74733922,ENSG00000263001,GTEx,32913098
7d9992533932d7d0e1b9311a14314c8d,4656a82cc885aa837dae82a160471bd7,eqtl,7,COLOC_PIP_ECAVIAR,1,0.06368963244144774,0.9363103675585516,0.013222096099993407,,GCST011426,7_74619286_T_C,Systemic lupus erythematosus,PICS,quach_2016_exon_monocyte_naive_ensg00000263001_8_7_74755240_74755508,ENSG00000263001,Quach_2016,27768888
413889315caad17e1a6ce5b7ee730c33,f86a042aff5b467a5f204af1697fbffe,eqtl,7,COLOC_PIP_ECAVIAR,1,0.009716820857956941,0.9902831791420432,0.08786400382375169,-1.0,GCST90011866,7_74693917_C_G,Systemic lupus erythematosus,SuSiE-inf,aygun_2021_exon_neuron_ensg00000174428_19_7_75123190_75123319,ENSG00000174428,Aygun_2021,34416157
0f4843b3b1db46ae19322b28eb84d905,7e7b8421e2dfce9f8ec4e1c3ff7ce160,eqtl,7,COLOC_PIP_ECAVIAR,1,0.03473565533824718,0.9652643446617527,0.024753188465275824,,GCST90705051,7_74711703_C_T,Systemic lupus erythematosus,PICS,geuvadis_exon_lcl_ensg00000158517_16_7_74779257_74779422,ENSG00000158517,GEUVADIS,24037378
faebf8cc7f7eca3459a71166db67a42e,97362f7fdc9684331bc5289b3627ecbd,eqtl,7,COLOC_PIP_ECAVIAR,1,0.03269466673647514,0.9673053332635242,0.027298009352787853,1.0,GCST90011866,7_75546898_A_G,Systemic lupus erythematosus,SuSiE-inf,gtex_ge_liver_ensg00000272391,ENSG00000272391,GTEx,32913098
75078951a8ed1ad6c6f21ea569dd37cd,dfadadcc3671ae5a7d6dcacbaa774fb9,eqtl,7,COLOC_PIP_ECAVIAR,2,0.08636931003065461,0.9136306899693448,0.009944087096988566,1.0,GCST90011866,7_75552066_C_T,Systemic lupus erythematosus,SuSiE-inf,gtex_exon_brain_caudate_ensg00000263001_8_7_74730229_74730289,ENSG00000263001,GTEx,32913098
f6c6c57203e8bbf6fb0dd0a264a7c9d0,8362a7896974b63b3522411b6aa6ac37,eqtl,7,COLOC_PIP_ECAVIAR,1,0.004111462722175096,0.9958885372778241,0.18524163941568472,1.0,GCST90011866,7_75557343_C_A,Systemic lupus erythematosus,SuSiE-inf,braineac2_exon_putamen_ensg00000263001_8_7_74699042_74699095,ENSG00000263001,Braineac2,32098967
02e1949ef3da751b6cb53cd2284e319b,7d0398dc897b30ad8ad9342ee4e3be8a,eqtl,8,COLOC_PIP_ECAVIAR,1,0.0004977519957060479,0.9995022480042934,0.6185860375424593,-1.0,GCST90011866,8_11465772_G_C,Systemic lupus erythematosus,SuSiE-inf,quach_2016_exon_monocyte_iav_ensg00000079459_13_8_11831671_11831794,ENSG00000079459,Quach_2016,27768888
512c069ba24ef9daf85daf1aeb36a65d,6143337af5c50e29ffa9f7139fcb5e24,eqtl,8,COLOC_PIP_ECAVIAR,3,0.019728517300157105,0.9802714826998439,0.04416284830159256,-1.0,GCST90011866,8_11480861_A_C,Systemic lupus erythematosus,SuSiE-inf,cap_ge_lcl_naive_ensg00000136573,ENSG00000136573,CAP,32787775
9374c9c2a30f60e090f24e3f12ee134b,6143337af5c50e29ffa9f7139fcb5e24,eqtl,8,COLOC_PIP_ECAVIAR,11,0.015568080471829287,0.9844319195281712,0.053865877321844315,-1.0,GCST005752,8_11482373_T_C,Systemic lupus erythematosus,PICS,cap_ge_lcl_naive_ensg00000136573,ENSG00000136573,CAP,32787775
29e9dce9ecad483c7f20487d06d5496b,6143337af5c50e29ffa9f7139fcb5e24,eqtl,8,COLOC_PIP_ECAVIAR,5,0.06303361750850002,0.9369663824914999,0.013258121627824356,,GCST011956,8_11482456_G_C,Systemic lupus erythematosus,PICS,cap_ge_lcl_naive_ensg00000136573,ENSG00000136573,CAP,32787775
81b1bc5c2248207c2e5535723e7b917b,f3a40561549edc93fe244bf427ff1ca4,sceqtl,8,COLOC_PIP_ECAVIAR,6,0.06394477817504755,0.9360552218249519,0.01309053400549387,,GCST000507,8_11482672_T_C,Systemic lupus erythematosus,PICS,cytoimmgen_ge_tcm_stim_5d_ensg00000136573,ENSG00000136573,Cytoimmgen,35618845
4cd1b3eeae58eee0e706238e8240ef56,6143337af5c50e29ffa9f7139fcb5e24,eqtl,8,COLOC_PIP_ECAVIAR,10,0.0055852818091429585,0.9944147181908571,0.136867577304644,-1.0,GCST007400,8_11484361_G_T,Systemic lupus erythematosus,PICS,cap_ge_lcl_naive_ensg00000136573,ENSG00000136573,CAP,32787775
99d66658df1579ffa7b5147f99406111,6143337af5c50e29ffa9f7139fcb5e24,eqtl,8,COLOC_PIP_ECAVIAR,6,0.19490087977589435,0.8050991202241067,0.003713950350354136,,GCST90020042,8_11486171_A_G,Systemic lupus erythematosus,PICS,cap_ge_lcl_naive_ensg00000136573,ENSG00000136573,CAP,32787775
a7590fe4367c57375801c226c4ba75a3,6143337af5c50e29ffa9f7139fcb5e24,eqtl,8,COLOC_PIP_ECAVIAR,13,0.016660342981749045,0.9833396570182504,0.051146942138317136,-1.0,GCST004867,8_11486464_C_T,Systemic lupus erythematosus,PICS,cap_ge_lcl_naive_ensg00000136573,ENSG00000136573,CAP,32787775
022dfe2b6a2af34e3edeb27314c70727,6143337af5c50e29ffa9f7139fcb5e24,eqtl,8,COLOC_PIP_ECAVIAR,8,0.06288885346188029,0.9371111465381204,0.013295748881407308,,GCST011096,8_11486618_C_T,Systemic lupus erythematosus,PICS,cap_ge_lcl_naive_ensg00000136573,ENSG00000136573,CAP,32787775
451ed480d66ab7c607288b45d29f0e02,6143337af5c50e29ffa9f7139fcb5e24,eqtl,8,COLOC_PIP_ECAVIAR,13,0.016888499767467594,0.9831115002325332,0.05029362803368652,-1.0,GCST001708,8_11491677_G_A,Systemic lupus erythematosus,PICS,cap_ge_lcl_naive_ensg00000136573,ENSG00000136573,CAP,32787775
b62394810ed085e1e7ac8c4bce9ce5f8,6143337af5c50e29ffa9f7139fcb5e24,eqtl,8,COLOC_PIP_ECAVIAR,10,0.1173446661784889,0.8826553338215108,0.006766288977701509,,GCST003599,8_11494976_A_G,Systemic lupus erythematosus,PICS,cap_ge_lcl_naive_ensg00000136573,ENSG00000136573,CAP,32787775
eee2fe415ba7f86c86d64f5c002b2ff8,3cdd0639720d66f6f675e840d6a58da6,eqtl,8,COLOC_PIP_ECAVIAR,56,0.06257612014345396,0.9374238798565466,0.013440597835133423,1.0,GCST90270940,8_128206613_C_T,Systemic lupus erythematosus (MTAG),PICS,fairfax_2014_microarray_monocyte_lps24_ilmn_2110908,ENSG00000136997,Fairfax_2014,24604202
df554ad643e8087c045cb7d55bba5e99,7e7c639604ad51a4d238879f81a675a8,eqtl,8,COLOC_PIP_ECAVIAR,39,0.0454277988418694,0.9545722011581299,0.018637007096836484,,GCST011956,8_128413347_A_G,Systemic lupus erythematosus,PICS,schmiedel_2018_tx_cd4_t-cell_anti-cd3-cd28_enst00000660912,ENSG00000249859,Schmiedel_2018,30449622
0ffd16f83f96ceaf3351eacc5d2f16f1,ffa15880d7d68e1b1715d901b5892eef,eqtl,8,COLOC_PIP_ECAVIAR,4,0.06991561446269802,0.9300843855373021,0.012068051952907298,,GCST90270940,8_42283286_A_G,Systemic lupus erythematosus (MTAG),PICS,gtex_exon_adipose_subcutaneous_ensg00000104368_19_8_42175261_42175296,ENSG00000104368,GTEx,32913098
ebb51b5a98c5b1d73cb25b4c2d2dabb5,7a5a3532db364c685f7cc90e82510eac,eqtl,8,COLOC_PIP_ECAVIAR,79,0.18642404438068164,0.8135759556193181,0.003926749517084722,,GCST011956,8_70397461_GA_G,Systemic lupus erythematosus,PICS,gtex_ge_breast_ensg00000288966,ENSG00000288966,GTEx,32913098
55a7383446e559a7cddc38e04e5f5f40,4737ae00d3568f1111adddd9795fa0ae,eqtl,8,COLOC_PIP_ECAVIAR,1,0.08132731351392204,0.9186726864860795,0.010098521072892282,,GCST005752,8_8240557_A_G,Systemic lupus erythematosus,PICS,brainseq_ge_brain_ensg00000253893,ENSG00000253893,BrainSeq,30050107
d297fa5f89495ec7ffd0447617247ff4,4737ae00d3568f1111adddd9795fa0ae,eqtl,8,COLOC_PIP_ECAVIAR,1,0.16877679154324474,0.8312232084567562,0.004426331862952038,,GCST90270940,8_8252414_A_G,Systemic lupus erythematosus (MTAG),PICS,brainseq_ge_brain_ensg00000253893,ENSG00000253893,BrainSeq,30050107
47f2ce94984da158de12e8e5f1f4687c,4737ae00d3568f1111adddd9795fa0ae,eqtl,8,COLOC_PIP_ECAVIAR,1,0.10888576627213188,0.8911142337278696,0.007326976027744568,,GCST007400,8_8283379_T_C,Systemic lupus erythematosus,PICS,brainseq_ge_brain_ensg00000253893,ENSG00000253893,BrainSeq,30050107
c2f9ece3b4bc7b1c23923e6d518e3af5,b5540ce2ac6d514df77b8f6cf44ed0e0,eqtl,9,COLOC_PIP_ECAVIAR,41,0.040593939284118113,0.9594060607158826,0.020837471664280998,-1.0,GCST90270940,9_120927961_G_A,Systemic lupus erythematosus (MTAG),PICS,lepik_2017_exon_blood_ensg00000119403_15_9_120855698_120857929,ENSG00000119403,Lepik_2017,28922377
7d879ba0c4fb42ed71bd548e1d84650a,bc4a75350c51b86e32249f7a023731ca,eqtl,9,COLOC_PIP_ECAVIAR,37,0.08424866512957903,0.9157513348704196,0.0097140550923407,,GCST011956,9_21267088_T_C,Systemic lupus erythematosus,PICS,fairfax_2014_microarray_monocyte_lps2_ilmn_1664466,ENSG00000198642,Fairfax_2014,24604202
da645c9ce626ae6a2d2c9aaf72db2a82,0bf93ff35c4e61a2d21dbf4c2b81156f,eqtl,9,COLOC_PIP_ECAVIAR,1,0.005368078914024435,0.9946319210859758,0.14387270850497977,,GCST003622,9_4984530_G_C,Systemic lupus erythematosus,PICS,hipsci_ge_ipsc_ensg00000096968,ENSG00000096968,HipSci,28489815
5ba89a56cdc28c14e3816a6283ecf042,7172598f813b3be46534166c288fc506,eqtl,X,COLOC_PIP_ECAVIAR,11,0.122603300816323,0.8773966991836756,0.0064379234019200605,1.0,GCST003599,X_154000721_T_C,Systemic lupus erythematosus,PICS,alasoo_2018_ge_macrophage_ifng_ensg00000177854,ENSG00000177854,Alasoo_2018,29379200
55bd0d0f3867f78829e8b764dd330022,7172598f813b3be46534166c288fc506,eqtl,X,COLOC_PIP_ECAVIAR,8,0.1028656172921445,0.8971343827078538,0.007809808767095658,1.0,GCST003252,X_154018741_A_G,Systemic lupus erythematosus,PICS,alasoo_2018_ge_macrophage_ifng_ensg00000177854,ENSG00000177854,Alasoo_2018,29379200
4c021dce690910bc5a8e231a2e989718,b47103a46584e114ba72df03b5dddc14,eqtl,X,COLOC_PIP_ECAVIAR,3,0.013931500548746494,0.986068499451254,0.05984537985006723,1.0,GCST003155,X_154059995_A_C,Systemic lupus erythematosus,PICS,gtex_exon_skin_not_sun_exposed_ensg00000184216_14_x_154018788_154018945,ENSG00000184216,GTEx,32913098
